Date,U.S. Onshore Crude Oil and Natural Gas Rotary Rigs in Operation (Count),U.S. Offshore Crude Oil and Natural Gas Rotary Rigs in Operation (Count),us_oil_gas_count,Canada Rig Count,Spread Count,OPEC-ORB,NYMEX,Europe-Brent,Spot,USDiff_sum,WCS_Diff,Lloyd_Diff,importbyareatotal,exportbyareatotal,inventorysum,capasum_x,capasum_y,futurecrudeoil,combinecrudeoil,futureheatoil
1973-01-31,1120,99,1219,,,,,,,,,,,,,,,,,
1973-02-28,1037,89,1126,,,,,,,,,,,,,,,,,
1973-03-31,959,90,1049,,,,,,,,,,,,,,,,,
1973-04-30,914,79,993,,,,,,,,,,,,,,,,,
1973-05-31,974,72,1046,,,,,,,,,,,,,,,,,
1973-06-30,1042,76,1118,,,,,,,,,,,,,,,,,
1973-07-31,1075,81,1156,,,,,,,,,,,,,,,,,
1973-08-31,1140,82,1222,,,,,,,,,,,,,,,,,
1973-09-30,1183,83,1266,,,,,,,,,,,,,,,,,
1973-10-31,1250,84,1334,,,,,,,,,,,,,,,,,
1973-11-30,1304,86,1390,,,,,,,,,,,,,,,,,
1973-12-31,1318,87,1405,,,,,,,,,,,,,,,,,
1974-01-31,1283,89,1372,,,,,,,,,,,,,,,,,
1974-02-28,1264,91,1355,,,,,,,,,,,,,,,,,
1974-03-31,1272,95,1367,,,,,,,,,,,,,,,,,
1974-04-30,1280,101,1381,,,,,,,,,,,,,,,,,
1974-05-31,1319,94,1413,,,,,,,,,,,,,,,,,
1974-06-30,1342,90,1432,,,,,,,,,,,,,,,,,
1974-07-31,1387,93,1480,,,,,,,,,,,,,,,,,
1974-08-31,1426,92,1518,,,,,,,,,,,,,,,,,
1974-09-30,1437,90,1527,,,,,,,,,,,,,,,,,
1974-10-31,1493,91,1584,,,,,,,,,,,,,,,,,
1974-11-30,1497,99,1596,,,,,,,,,,,,,,,,,
1974-12-31,1540,103,1643,,,,,,,,,,,,,,,,,
1975-01-31,1521,94,1615,,,,,,,,,,,,,,,,,
1975-02-28,1518,93,1611,,,,,,,,,,,,,,,,,
1975-03-31,1549,102,1651,,,,,,,,,,,,,,,,,
1975-04-30,1503,102,1605,,,,,,,,,,,,,,,,,
1975-05-31,1490,102,1592,,,,,,,,,,,,,,,,,
1975-06-30,1507,106,1613,,,,,,,,,,,,,,,,,
1975-07-31,1508,109,1617,,,,,,,,,,,,,,,,,
1975-08-31,1533,112,1645,,,,,,,,,,,,,,,,,
1975-09-30,1586,113,1699,,,,,,,,,,,,,,,,,
1975-10-31,1604,112,1716,,,,,,,,,,,,,,,,,
1975-11-30,1644,113,1757,,,,,,,,,,,,,,,,,
1975-12-31,1677,116,1793,,,,,,,,,,,,,,,,,
1976-01-31,1588,123,1711,,,,,,,,,,,,,,,,,
1976-02-29,1468,126,1594,,,,,,,,,,,,,,,,,
1976-03-31,1408,132,1540,,,,,,,,,,,,,,,,,
1976-04-30,1356,124,1480,,,,,,,,,,,,,,,,,
1976-05-31,1375,121,1496,,,,,,,,,,,,,,,,,
1976-06-30,1426,120,1546,,,,,,,,,,,,,,,,,
1976-07-31,1465,132,1597,,,,,,,,,,,,,,,,,
1976-08-31,1563,128,1691,,,,,,,,,,,,,,,,,
1976-09-30,1618,126,1744,,,,,,,,,,,,,,,,,
1976-10-31,1666,128,1794,,,,,,,,,,,,,,,,,
1976-11-30,1703,137,1840,,,,,,,,,,,,,,,,,
1976-12-31,1716,145,1861,,,,,,,,,,,,,,,,,
1977-01-31,1704,146,1850,,,,,,,,,,,,,,,,,
1977-02-28,1690,166,1856,,,,,,,,,,,,,,,,,
1977-03-31,1724,163,1887,,,,,,,,,,,,,,,,,
1977-04-30,1745,162,1907,,,,,,,,,,,,,,,,,
1977-05-31,1813,169,1982,,,,,,,,,,,,,,,,,
1977-06-30,1839,169,2008,,,,,,,,,,,,,,,,,
1977-07-31,1851,172,2023,,,,,,,6.9,,,,,,,,,,
1977-08-31,1888,178,2066,,,,,,,6.93,,,,,,,,,,
1977-09-30,1906,178,2084,,,,,,,6.98,,,,,,,,,,
1977-10-31,1932,169,2101,,,,,,,6.55,,,,,,,,,,
1977-11-30,1945,168,2113,,,,,,,5.59,,,,,,,,,,
1977-12-31,1973,168,2141,,,,,,,5.52,,,,,,,,,,
1978-01-31,1956,172,2128,,,,,,,5.17,,,,,,,,,,
1978-02-28,1954,181,2135,,,,,,,5.59,,,,,,,,,,
1978-03-31,1979,180,2159,,,,,,,5.0,,,,,,,,,,
1978-04-30,2016,182,2198,,,,,,,5.15,,,,,,,,,,
1978-05-31,2066,183,2249,,,,,,,4.87,,,,,,,,,,
1978-06-30,2103,184,2287,,,,,,,5.63,,,,,,,,,,
1978-07-31,2122,185,2307,,,,,,,5.26,,,,,,,,,,
1978-08-31,2127,198,2325,,,,,,,5.09,,,,,,,,,,
1978-09-30,2138,194,2332,,,,,,,5.12,,,,,,,,,,
1978-10-31,2156,190,2346,,,,,,,5.21,,,,,,,,,,
1978-11-30,2169,187,2356,,,,,,,5.11,,,,,,,,,,
1978-12-31,2098,188,2286,,,,,,,5.4,,,,,,,,,,
1979-01-31,1992,207,2199,,,,,,,5.79,,,,,,,,,,
1979-02-28,1858,206,2064,,,,,,,5.87,,,,,,,,,,
1979-03-31,1768,203,1971,,,,,,,6.66,,,,,,,,,,
1979-04-30,1736,207,1943,,,,,,,7.45,,,,,,,,,,
1979-05-31,1762,198,1960,,,,,,,8.47,,,,,,,,,,
1979-06-30,1794,205,1999,,,,,,,8.97,,,,,,,,,,
1979-07-31,1889,205,2094,,,,,,,13.35,,,,,,,,,,
1979-08-31,2014,208,2222,,,,,,,14.14,,,,,,,,,,
1979-09-30,2069,215,2284,,,,,,,13.09,,,,,,,,,,
1979-10-31,2169,211,2380,,,,,,,13.12,,,,,,,,,,
1979-11-30,2255,205,2460,,,,,,,13.48,,,,,,,,,,
1979-12-31,2336,216,2552,,,,,,,13.6,,,,,,,,,,
1980-01-31,2352,219,2571,,,,,,,14.47,,,,,,,,,,
1980-02-29,2397,216,2613,,,,,,,14.87,,,,,,,,,,
1980-03-31,2439,219,2658,,,,,,,15.41,,,,,,,,,,
1980-04-30,2461,222,2683,,,,,,,16.13,,,,,,,,,,
1980-05-31,2568,229,2797,,,,,,,17.04,,,,,,,,,,
1980-06-30,2615,235,2850,,,,,,,16.63,,,,,,,,,,
1980-07-31,2718,235,2953,,,,,,,16.91,,,,,,,,,,
1980-08-31,2810,235,3045,,,,,,,16.85,,,,,,,,,,
1980-09-30,2868,231,3099,,,,,,,17.56,,,,,,,,,,
1980-10-31,2917,232,3149,,,,,,,17.63,,,,,,,,,,
1980-11-30,2973,247,3220,,,,,,,18.61,,,,,,,,,,
1980-12-31,3036,250,3286,,,,,,,20.35,,,,,,,,,,
1981-01-31,3141,245,3386,,,,,,,22.38,,,,,,,,,,
1981-02-28,3268,234,3502,,,,,,,25.53,,,,,,,,,,
1981-03-31,3343,252,3595,,,,,,,25.53,,,,,,,,,,
1981-04-30,3472,256,3728,,,,,,,25.65,,,340076.0,34186.0,,,,,,
1981-05-31,3568,249,3817,,,,,,,23.75,,,,,,,,,,
1981-06-30,3680,246,3926,,,,,,,23.13,,,,,,,,,,
1981-07-31,3736,262,3998,,,,,,,22.79,,,,,,,,,,
1981-08-31,3867,264,4131,,,,,,,22.61,,,357566.0,39922.0,,,,,,
1981-09-30,3976,266,4242,,,,,,,21.74,,,,,,,,,,
1981-10-31,4088,264,4352,,,,,,,22.04,,,,,,,,,,
1981-11-30,4166,270,4436,,,,,,,21.85,,,,,,,,,,
1981-12-31,4238,283,4521,,,,,,,21.66,,,362266.0,40644.0,,,,,,
1982-01-31,4156,280,4436,,,,,,,21.78,,,,,,,,,,
1982-02-28,3891,269,4160,,,,,,,19.41,,,,,,,,,,
1982-03-31,3554,262,3816,,,,,,,17.79,,,,,,,,,,
1982-04-30,3209,251,3460,,,,,,,18.65,,,262682.0,47129.0,,,,,,
1982-05-31,2927,251,3178,,,,,,,18.85,,,,,,,,,,
1982-06-30,2660,248,2908,,,,,,,20.51,,,,,,,,,,
1982-07-31,2504,242,2746,,,,,,,20.3,,,,,,,,,,
1982-08-31,2385,235,2620,,,,,,,19.88,,,325114.0,53172.0,1933022.0,,,,,
1982-09-30,2255,228,4283,,,,,,,20.32,,,,,,,,,,
1982-10-31,2173,229,2402,,,,,,,20.64,,,,,,,,,,
1982-11-30,2286,214,2500,,,,,,,20.14,,,,,,,,,,
1982-12-31,2482,214,2696,,,,,,,19.02,,,285545.0,53315.0,1996032.0,,,,,
1983-01-31,2404,218,2622,,,30.901,,,,18.84,,,,,,,,,,
1983-02-28,1976,216,2192,,,29.215,,,,17.06,,,,,,,,,,
1983-03-31,1793,210,2003,,,28.051,,,,17.35,,,,,,,,,,
1983-04-30,1633,213,1846,,,28.952,,,,17.29,30.5,,283625.0,48545.0,1986672.0,,,,,
1983-05-31,1717,209,1926,,,28.895,,,,17.79,30.16,,,,,,,,,
1983-06-30,1777,202,1979,,,29.186,,,,17.74,30.96,,,,,,,,,
1983-07-31,1861,178,2039,,,29.474,,,,17.38,31.59,,,,,,,,,
1983-08-31,1975,181,2156,,,29.54,,,,18.0,31.88,,381879.0,41116.0,2033831.0,,,,,
1983-09-30,2077,175,2252,,,29.186,,,,17.89,31.24,,,,,,,,,
1983-10-31,2205,177,2382,,,28.834,,,,17.44,30.4,,,,,,,,,
1983-11-30,2413,159,2572,,,28.429,,,,17.72,29.86,,,,,,,,,
1983-12-31,2570,210,2780,,,28.088,,,,17.72,29.24,,312036.0,39606.0,2138836.0,,,,,
1984-01-31,2450,216,2666,,,28.446,,,,17.72,29.65,,,,,,,,,
1984-02-29,2221,202,2423,,,28.727,,,,17.75,30.05,,,,,,,,,
1984-03-31,2047,198,2245,,,28.937,,,,17.54,30.72,,,,,,,,,
1984-04-30,1917,203,2120,,,28.92,,,,17.72,30.65,,322338.0,39301.0,2107292.0,,,,,
1984-05-31,2075,202,2277,,,28.896,,,,17.87,30.55,,,,,,,,,
1984-06-30,2158,205,2363,,,28.481,,,,17.93,29.98,,,,,,,,,
1984-07-31,2180,206,2386,,,27.709,,,,18.06,28.74,,,,,,,,,
1984-08-31,2201,216,2417,,,27.856,,,,17.93,29.33,,312745.0,45382.0,2214566.0,,,,,
1984-09-30,2206,214,2420,,,27.979,,,,18.07,29.38,,,,,,,,,
1984-10-31,2269,223,2492,,,27.82,,,,18.19,28.8,,,,,,,,,
1984-11-30,2397,232,2629,,,27.504,,,,18.0,28.11,,,,,,,,,
1984-12-31,2471,242,2713,,,27.156,,,,18.09,26.91,,305821.0,61115.0,2262220.0,,,,,
1985-01-31,2210,242,2452,,,27.111,,,,16.84,25.64,,,,,,,,,
1985-02-28,1955,233,2188,,,27.598,,,,16.64,27.14,,,,,,,,,
1985-03-31,1732,223,1955,,,27.703,,,,16.88,28.12,,,,,,,,,
1985-04-30,1667,210,1877,,,27.377,,,,16.93,28.71,,318966.0,45810.0,2168840.0,,43325.5,,,
1985-05-31,1665,200,1865,,,26.35,,,,16.98,27.58,,,,,,,,,
1985-06-30,1653,203,1856,,,25.929,,,,17.08,27.09,,,,,,,,,
1985-07-31,1715,194,1909,,,26.173,,,,16.89,27.27,,,,,,,,,
1985-08-31,1734,197,1931,,,26.74,,,,16.98,27.74,,292497.0,46423.0,2229606.0,,43767.7,,,
1985-09-30,1733,197,1930,,,27.054,,,,16.99,28.22,,,,,,,,,
1985-10-31,1684,195,1879,,,27.446,,,,16.96,29.48,,,,,,,,,
1985-11-30,1725,187,1912,,,28.18,,,,17.16,30.73,,,,,,,,,
1985-12-31,1760,190,1950,,,26.523,,,,17.36,27.15,,361500.0,57368.0,2277862.0,,44198.2,,,
1986-01-31,1635,175,1810,,,22.231,,,22.93,15.78,22.98,,,,,,,,,
1986-02-28,1280,164,1444,,,15.945,,,15.46,10.82,15.46,,,,,,,,,
1986-03-31,1007,132,1139,,,12.82,,,12.61,6.86,12.62,,,,,,,,,
1986-04-30,794,112,906,,,11.551,,,12.84,5.18,12.75,,326367.0,51001.0,2280070.0,,43630.5,272968.0,,99612.0
1986-05-31,687,94,781,,,12.848,,,15.38,4.91,15.26,,,,,,,,,
1986-06-30,632,73,705,,,11.213,,,14.639,4.45,13.38,,,,,,,,,
1986-07-31,621,65,686,,,9.039,,,12.598,3.11,11.58,,,,,,,,,
1986-08-31,665,65,730,,,12.726,,,16.35,3.67,15.11,,444420.0,53805.0,2329237.0,,44339.8,289798.0,,191560.0
1986-09-30,681,74,755,,,13.291,,,16.09,5.33,14.94,,,,,,,,,
1986-10-31,739,80,819,,,13.331,,,16.104,5.47,14.89,,,,,,,,,
1986-11-30,820,79,899,,,13.621,,,16.462,5.56,15.23,,,,,,,,,
1986-12-31,874,89,963,,,15.081,,,17.404999999999998,6.62,16.09,,415424.0,50831.0,2373038.0,,43878.6,360235.0,,216231.0
1987-01-31,812,88,900,,,17.489,,,20.152,8.9,18.67,,,,,,,,,
1987-02-28,743,75,818,,,16.911,,,19.179,9.42,17.73,,,,,,,,,
1987-03-31,696,76,772,,,17.455,,,19.806,9.89,18.28,,,,,,,,,
1987-04-30,681,73,754,,,17.616,,,20.174,10.83,18.6,,354670.0,52230.0,2340475.0,,43848.2,437587.0,,128199.0
1987-05-31,687,76,763,,,17.939,,18.58,39.608,10.93,19.33,,,,,,,,,
1987-06-30,703,85,788,,,18.22,,18.86,40.545,11.51,19.99,,,,,,,,,
1987-07-31,804,97,901,,,19.141,,19.86,42.855,12.41,21.33,,,,,,,,,
1987-08-31,894,109,1003,,,18.576,,18.98,40.867,12.57,20.23,,462133.0,41173.0,2322329.0,,44809.7,567656.0,,191985.0
1987-09-30,987,114,1101,,,17.903,,18.31,39.37700000000001,11.74,19.52,,,,,,,,,
1987-10-31,1008,116,1124,,,18.086,,18.76,40.23400000000001,11.49,19.86,,,,,,,,,
1987-11-30,1034,118,1152,,,17.474,,17.78,38.202,10.89,18.85,,,,,,,,,
1987-12-31,1034,128,1162,,,16.182,,17.05,35.752,9.46,17.26,,423676.0,65554.0,2465771.0,,45359.9,613365.0,,189339.0
1988-01-31,949,127,1076,,,16.009,,16.75,35.279999999999994,9.35,17.15,,,,,,,,,
1988-02-29,853,123,976,,,15.662,,15.73,33.924,9.17,16.76,,,,,,,,,
1988-03-31,832,119,951,,,14.405,,14.73,32.313,8.98,16.21,,,,,,,,,
1988-04-30,800,117,917,,,15.848,,16.6,35.993,9.88,17.88,,436221.0,40558.0,2409899.0,,45206.0,535331.0,,137771.0
1988-05-31,768,123,891,,,15.825,,16.31,35.271,9.65,17.45,,,,,,,,,
1988-06-30,773,124,897,,,14.716,,15.54,33.534,9.18,16.56,,,,,,,,,
1988-07-31,786,126,912,,,14.354,,14.91,31.948,8.47,15.51,,,,,,,,,
1988-08-31,807,123,930,,,14.003,,14.89,31.809,8.25,15.53,,457915.0,50438.0,2463313.0,,45956.4,541039.0,,251500.0
1988-09-30,805,122,927,,,12.652,,13.18,29.062,7.48,14.46,,,,,,,,,
1988-10-31,801,122,923,,,11.519,,12.41,27.591,6.4,13.8,,,,,,,,,
1988-11-30,789,129,918,,,12.004,,13.02,28.605,6.18,13.98,,,,,,,,,
1988-12-31,797,127,924,,,14.1,,15.31,33.10999999999999,8.13,16.28,,479082.0,62511.0,2456036.0,,45477.1,547950.0,,220022.0
1989-01-31,731,110,841,,,15.919,,17.17,36.727,9.54,17.98,,,,,,,,,
1989-02-28,667,95,762,,,16.17,,16.89,36.31399999999999,10.57,17.82,,,,,,,,,
1989-03-31,660,93,753,,,17.55,,18.7,39.843,11.71,19.44,,,,,,,,,
1989-04-30,679,92,771,,,18.936,,20.32,43.315,13.36,20.94,,484670.0,48592.0,2398224.0,,44580.7,728115.0,,160719.0
1989-05-31,662,92,754,,,17.788,,18.63,40.61,13.12,20.03,,,,,,,,,
1989-06-30,692,103,795,,,17.274,,17.67,39.453,12.39,19.99,,,,,,,,,
1989-07-31,718,114,832,,,17.266,,17.62,38.98700000000001,11.99,19.66,,,,,,,,,
1989-08-31,772,114,886,,,16.233,,16.77,36.88299999999999,11.32,18.55,,530720.0,59924.0,2452930.0,,45526.3,644497.0,,246170.0
1989-09-30,848,107,955,,,16.832,,17.77,39.088,11.54,19.59,,,,,,,,,
1989-10-31,878,106,984,,,17.606,,18.91,40.68900000000001,12.26,20.1,,,,,,,,,
1989-11-30,922,119,1041,,,17.739,,18.73,40.196,12.64,19.83,,,,,,,,,
1989-12-31,948,117,1065,,,18.841,,19.84,42.818,13.5,21.09,,469924.0,66167.0,2542645.0,,44850.0,737030.0,,288995.0
1990-01-31,885,113,998,,,19.975,,21.25,46.098,13.98,22.64,,,,,,,,,
1990-02-28,806,105,911,,,19.032,,19.81,43.67100000000001,13.4,22.11,,,,,,,,,
1990-03-31,797,108,905,,,17.674,,18.39,40.494,11.7,20.41,,,,,,,,,
1990-04-30,824,111,935,,,15.625,,16.61,37.382,9.85,18.58,,471460.0,45643.0,5620422.0,,44498.0,807892.0,,238095.0
1990-05-31,841,120,961,,,15.47,,16.35,36.914,8.61,18.46,,,,,,,,,
1990-06-30,886,113,999,,,14.02,,15.1,34.034,7.9,16.86,,,,,,,,,
1990-07-31,902,108,1010,,,16.257,,17.17,37.941,9.61,18.64,,,,,,,,,
1990-08-31,879,108,987,,,26.438,,27.17,57.787,16.57,27.18,,535918.0,52679.0,5837613.0,,45726.7,723884.0,,292215.0
1990-09-30,935,107,1042,,,32.095,,34.9,72.257,23.98,33.69,,,,,,,,,
1990-10-31,974,99,1073,,,34.316,,36.02,76.053,25.38,35.92,,,,,,,,,
1990-11-30,1031,106,1137,,,30.779,,33.07,68.95200000000001,22.77,32.3,,,,,,,,,
1990-12-31,1035,101,1136,,,26.157,,28.27,58.477,18.42,27.16,,399222.0,73620.0,5619228.0,17319.0,44355.8,654353.0,,212556.0
1991-01-31,977,91,1068,,,22.317,,23.57,51.647,14.11,24.7,,,,,,,,,
1991-02-28,896,88,984,,,17.474,,19.54,42.628,12.28,20.54,,,,,,,,,
1991-03-31,848,81,929,,,17.192,,19.08,41.553,10.44,19.88,,,,,,,,,
1991-04-30,770,95,865,,,17.471,,19.18,42.55,11.48,20.82,,445054.0,44243.0,5317200.0,27815.0,44762.6,870202.0,,241756.0
1991-05-31,721,98,819,,,17.763,,19.19,42.933,11.53,21.25,,,,,,,,,
1991-06-30,774,93,867,,,17.218,,18.17,40.69199999999999,10.99,20.2,,,,,,,,,
1991-07-31,764,80,844,,,18.195,,19.4,43.249,11.29,21.43,,,,,,,,,
1991-08-31,735,68,803,,,18.475,,19.77,44.056,11.64,21.68,,537518.0,51916.0,5562750.0,29684.0,45542.1,763974.0,,365361.0
1991-09-30,704,71,775,,,19.186,,20.5,44.861,11.71,21.86,,,,,,,,,
1991-10-31,727,68,795,,,20.42,,22.21,48.039,12.32,23.23,,,,,,,,,
1991-11-30,736,72,808,,,19.838,,21.11,46.124,11.46,22.43,,,,,,,,,
1991-12-31,731,65,796,,,17.28,,18.41,40.028,9.45,19.53,,454900.0,75231.0,5597831.0,30156.0,45144.6,849533.0,,329912.0
1992-01-31,654,56,710,,,16.693,,18.16,39.013,9.29,18.82,,,,,,,,,
1992-02-29,618,51,669,,,16.89,,18.05,39.224,9.4,19.01,,,,,,,,,
1992-03-31,594,54,648,,,16.71,,17.63,38.713,9.84,18.95,,,,,,,,,
1992-04-30,587,55,642,,,17.834,,18.92,41.458000000000006,10.82,20.26,,485528.0,56232.0,5381343.0,27897.0,44693.5,978445.0,,250654.0
1992-05-31,591,47,638,,,18.697,,19.89,43.29200000000001,12.03,21.0,,,,,,,,,
1992-06-30,577,44,621,,,20.144,,21.16,46.406,13.4,22.36,,,,,,,,,
1992-07-31,628,48,676,,,19.74,,20.24,44.76299999999999,14.06,21.74,,,,,,,,,
1992-08-31,635,51,686,,,19.164,,19.74,43.827000000000005,13.23,21.29,,512098.0,48935.0,5468788.0,30021.0,44381.1,921056.0,,335774.0
1992-09-30,672,45,717,,,19.402,,20.27,44.974,12.9,21.92,,,,,,,,,
1992-10-31,750,53,803,,,19.555,,20.26,44.752,13.03,21.71,,,,,,,,,
1992-11-30,822,60,882,,,18.725,,19.21,42.126,12.29,20.36,,,,,,,,,
1992-12-31,867,59,926,,,17.685,,18.14,39.99699999999999,10.93,19.41,,486006.0,76706.0,5528071.0,32080.0,44108.5,965489.0,,395819.0
1993-01-31,752,72,824,,,16.71,,17.39,38.862,10.83,19.07,11.90   ,,,,,,,,
1993-02-28,615,69,684,,,17.662,,18.47,41.033,11.58,20.08,13.12   ,,,,,,,,
1993-03-31,549,62,611,,,18.154,,18.79,41.690000000000005,12.28,20.35,13.08   ,,,,,,,,
1993-04-30,543,69,612,,,18.125,,18.67,41.562000000000005,12.91,20.33,13.83   ,526108.0,64031.0,5465662.0,30436.0,44188.3,1107094.0,,309289.0
1993-05-31,564,73,637,,,17.888,,18.51,41.081,12.96,19.98,13.23   ,,,,,,,,
1993-06-30,612,83,695,,,17.106,,17.65,39.215,11.79,19.13,12.95   ,,,,,,,,
1993-07-31,656,85,741,,,15.96,,16.78,36.999,10.81,17.9,11.90   ,,,,,,,,
1993-08-31,710,87,797,,,15.899,,16.7,37.075,10.46,18.01,13.19   ,522626.0,51418.0,5764017.0,32542.0,44412.7,1284641.0,,436539.0
1993-09-30,759,89,848,,,15.232,,16.01,35.831,10.55,17.52,12.48   ,,,,,,,,
1993-10-31,767,93,860,,,15.748,,16.61,37.146,24.92,18.17,12.58   ,,,,,,,,
1993-11-30,769,99,868,,,14.465,,15.2,33.99,22.35,16.74,11.55   ,,,,,,,,
1993-12-31,754,103,857,,,12.872,,13.73,30.114,18.28,14.53,9.15   ,535960.0,77516.0,5873443.0,29987.0,44070.2,1278130.0,,560134.0
1994-01-31,690,99,789,,,13.706,,14.29,31.451,18.44,15.02,9.58   ,,,,,,,,
1994-02-28,659,95,754,,,13.765,,13.8,30.804,19.03,14.78,9.27   ,,,,,,,,
1994-03-31,636,99,735,,,13.287,,13.82,30.624,19.62,14.65,9.78   ,,,,,,,,
1994-04-30,617,106,723,,,14.515,,15.23,33.871,22.07,16.33,9.47   ,538104.0,52088.0,5694117.0,29755.0,44423.4,1224053.0,,449126.0
1994-05-31,612,104,716,,,15.739,,16.19,36.326,25.71,17.83,11.64   ,,,,,,,,
1994-06-30,643,113,756,,,16.5,,16.76,38.149,27.37,19.07,13.81   ,,,,,,,,
1994-07-31,664,107,771,,,17.431,,17.6,39.64900000000001,28.380000000000003,19.66,13.40   ,,,,,,,,
1994-08-31,671,95,766,,,16.856,,16.89,37.66199999999999,26.66,18.38,11.91   ,589626.0,56594.0,5814247.0,31096.0,45044.4,1163522.0,,438372.0
1994-09-30,712,97,809,,,15.71,,15.9,35.525,24.71,17.47,12.26   ,,,,,,,,
1994-10-31,723,99,822,,,16.135,,16.49,36.527,25.340000000000003,17.71,12.49   ,,,,,,,,
1994-11-30,729,106,835,,,16.724,,17.19,37.596,25.75,18.1,12.88   ,,,,,,,,
1994-12-31,709,107,816,,,15.836,,15.93,35.293,24.64,17.16,11.79   ,549486.0,74887.0,6018759.0,34525.0,44653.6,1218948.0,,452120.0
1995-01-31,642,106,748,,,16.67,,16.55,36.856,25.49,17.99,13.48   ,,,,,,,,
1995-02-28,613,100,713,,,17.29,,17.11,37.939,26.94,18.53,13.72   ,,,,,,,,
1995-03-31,575,90,665,,,17.148,,17.01,37.77799999999999,27.04,18.55,14.45   ,,,,,,,,
1995-04-30,587,91,678,,,18.281,,18.65,41.07,29.19,19.89,17.14   ,507892.0,59872.0,5722396.0,30108.0,44945.5,1052831.0,1351687.0,368327.0
1995-05-31,579,100,679,,,18.13,,18.35,40.713,29.06,19.74,16.30   ,,,,,,,,
1995-06-30,578,96,674,,,16.975,,17.31,38.179,27.55,18.4,14.25   ,,,,,,,,
1995-07-31,619,104,723,,,15.626,,15.85,35.411,25.6,17.26,14.29   ,,,,,,,,
1995-08-31,642,103,745,,,15.954,,16.1,36.45700000000001,25.26,17.81,14.79   ,561774.0,50892.0,5658960.0,31458.0,45353.0,1037083.0,1235291.0,401932.0
1995-09-30,662,103,765,,,16.349,,16.7,37.323,26.2,18.21,15.09   ,,,,,,,,
1995-10-31,656,105,761,,,15.847,,16.11,35.775,24.59,17.4,13.31   ,,,,,,,,
1995-11-30,668,104,772,,,16.495,,16.86,37.163,25.39,18.0,13.96   ,,,,,,,,
1995-12-31,654,109,763,,,17.764,,17.93,39.456,27.3,19.04,13.46   ,533922.0,70354.0,5719891.0,33820.0,44709.3,995831.0,1281601.0,381017.0
1996-01-31,598,111,709,,,18.053,40.12758064516129,17.85,39.169,28.28,18.7,12.55   ,,,,,,,,
1996-02-29,598,102,700,,,17.906,40.21279310344828,18.0,39.698,28.85,18.78,13.60   ,,,,,,,,
1996-03-31,618,96,714,,,19.347,86.56679124953652,19.85,43.957,32.8,21.18,18.45   ,,,,,,,,
1996-04-30,628,113,741,,,20.243,93.94515325670498,20.9,48.35,36.71,23.3,17.29   ,565710.0,58559.0,5297156.0,30556.0,44898.0,1321053.0,1798122.0,268812.0
1996-05-31,648,116,764,,,18.919,90.88973835125448,19.15,43.947,34.43,21.09,16.29   ,,,,,,,,
1996-06-30,662,112,774,,,18.374,88.72957347670251,18.46,42.149,32.14,20.43,15.60   ,,,,,,,,
1996-07-31,677,107,784,,,19.292,89.33191039426524,19.57,44.23500000000001,33.34,21.25,16.17   ,,,,,,,,
1996-08-31,703,108,811,,,19.945,90.63608243727596,20.51,45.905,34.730000000000004,21.91,17.11   ,619130.0,55579.0,5433991.0,33005.0,45245.0,1116933.0,1383307.0,342280.0
1996-09-30,702,109,811,,,21.68,96.75101433691756,22.63,50.411,37.760000000000005,23.93,19.36   ,,,,,,,,
1996-10-31,728,108,836,,,23.279,101.65147670250896,24.16,53.098,39.93,24.9,20.10   ,,,,,,,,
1996-11-30,741,107,848,,,22.23,101.1611505376344,22.76,50.54299999999999,38.46,23.55,19.00   ,,,,,,,,
1996-12-31,736,116,852,,,23.502,153.01430265109383,23.78,53.103,40.17,25.12,17.76   ,583870.0,62798.0,5447399.0,33323.0,45002.3,1101729.0,1427239.0,332138.0
1997-01-31,712,110,822,,,23.187,153.84725157582503,23.54,52.639,41.46,25.18,16.92   ,,,,,,,,
1997-02-28,742,107,849,,,20.484,146.23912992831544,20.85,46.679,37.26,22.17,13.79   ,,,,,,,,
1997-03-31,770,127,897,,,18.644,140.03515143369177,19.13,43.56699999999999,33.760000000000005,20.97,13.32   ,,,,,,,,
1997-04-30,775,126,901,,,17.457,132.9200958781362,17.56,40.62999999999999,31.44,19.73,12.41   ,606826.0,56221.0,5362761.0,30804.0,45789.6,1234905.0,1561344.0,424035.0
1997-05-31,804,120,924,,,18.758,134.60639695340504,19.02,43.157,32.44,20.87,14.54   ,,,,,,,,
1997-06-30,855,121,976,,,17.374,129.85759139784946,17.58,39.92100000000001,30.0,19.22,12.20   ,,,,,,,,
1997-07-31,844,125,969,,,17.857,130.34897311827956,18.46,41.283,29.69,19.66,12.20   ,,,,,,,,
1997-08-31,868,125,993,,,18.062,130.40128225806453,18.6,42.048,29.97,19.95,13.14   ,648808.0,66606.0,5471820.0,32205.0,46845.9,1300951.0,1636007.0,434108.0
1997-09-30,881,128,1009,,,18.164,130.5604211469534,18.46,41.55,31.0,19.78,12.62   ,,,,,,,,
1997-10-31,875,121,996,,,19.54,134.01471684587816,19.87,44.55900000000001,33.02,21.28,14.10   ,,,,,,,,
1997-11-30,857,126,983,,,18.843,131.98266129032257,19.17,42.621,31.79,20.22,11.98   ,,,,,,,,
1997-12-31,884,129,1013,,,16.84,125.25266666666668,17.18,38.47,28.270000000000003,18.32,11.01   ,578310.0,74234.0,5662270.0,34497.0,46541.2,1244694.0,1465909.0,392329.0
1998-01-31,860,133,993,,,14.421,117.04766666666669,15.19,34.658,25.55,16.73,7.54   ,,,,,,,,
1998-02-28,835,139,974,,,13.448,111.96025,14.07,32.715,22.19,16.08,7.63   ,,,,,,,,
1998-03-31,796,136,932,,,12.406,106.6105,13.1,30.683,20.32,15.04,9.66   ,,,,,,,,
1998-04-30,748,138,886,,,12.758,106.152,13.53,31.514,20.18,15.46,8.72   ,666284.0,62865.0,5651536.0,32021.0,46781.5,1352258.0,1977637.0,511459.0
1998-05-31,722,133,855,,,13.136,103.06191666666666,14.36,31.851000000000003,20.23,14.93,7.86   ,,,,,,,,
1998-06-30,726,128,854,,,11.67,98.58499999999998,12.21,28.287000000000003,18.39,13.67,9.28   ,,,,,,,,
1998-07-31,695,121,816,,,12.057,97.60383333333334,12.08,28.553999999999995,19.31,14.09,8.31   ,,,,,,,,
1998-08-31,674,118,792,,,11.895,93.68333333333337,11.91,27.579,19.12,13.38,7.91   ,683988.0,48375.0,5913142.0,34928.0,47561.9,1447549.0,1851333.0,580484.0
1998-09-30,656,118,774,,,12.909,96.93133333333331,13.34,30.756,20.71,14.97,10.41   ,,,,,,,,
1998-10-31,623,111,734,,,12.411,95.10308333333332,12.7,29.549000000000007,21.72,14.42,8.48   ,,,,,,,,
1998-11-30,579,109,688,,,11.19,90.83233333333334,11.04,26.193,17.4,13.04,6.79   ,,,,,,,,
1998-12-31,545,102,647,,,9.691,83.34841666666667,9.82,22.988,14.06,11.31,6.01   ,635978.0,55354.0,5930325.0,34994.0,47166.1,1459063.0,1782699.0,544719.0
1999-01-31,483,104,587,,,10.709,83.51791666666666,11.11,25.6,15.09,12.49,7.14   ,,,,,,,,
1999-02-28,441,101,542,,,9.962,80.949,10.27,24.127,15.59,12.02,7.36   ,,,,,,,,
1999-03-31,420,106,526,,,12.275,88.50316666666667,12.51,29.64,19.92,14.68,11.10   ,,,,,,,,
1999-04-30,397,99,496,,,14.996,97.64816666666668,15.29,35.32999999999999,23.03,17.3,13.61   ,697084.0,71746.0,5778032.0,29798.0,47996.6,1722878.0,2402143.0,512354.0
1999-05-31,414,102,516,,,15.482,103.13783333333332,15.23,35.587,26.12,17.77,12.35   ,,,,,,,,
1999-06-30,458,100,558,,,15.613,106.65541666666664,15.86,36.612,27.22,17.92,13.47   ,,,,,,,,
1999-07-31,489,99,588,,,18.285,113.92516666666668,19.08,42.409,30.47,20.1,15.62   ,,,,,,,,
1999-08-31,533,106,639,,,19.664,120.67558333333332,20.22,44.977,33.44,21.28,16.88   ,690794.0,55901.0,5771373.0,34271.0,48228.5,1707802.0,2253554.0,555584.0
1999-09-30,587,109,696,,,22.175,131.11524999999995,22.54,49.999,38.17,23.79,19.80   ,,,,,,,,
1999-10-31,630,111,741,,,21.673,132.49041666666668,22.0,48.25,37.99,22.67,18.29   ,,,,,,,,
1999-11-30,663,119,782,,,23.748,141.0445,24.58,53.483,40.55,24.77,21.55   ,,,,,,,,
1999-12-31,676,122,798,,,24.766,147.07625,25.47,55.488,43.31,26.09,19.68   ,624008.0,76242.0,5563271.0,34033.0,47349.4,1457989.0,1957948.0,423272.0
2000-01-31,650,125,775,0.3316831683168317,,24.58,154.17874999999998,25.51,57.273,45.01,27.01,22.00   ,,,,,,,,
2000-02-29,641,122,763,0.2880733944954128,,26.842,165.018,27.78,61.985,48.97,29.3,24.15   ,,,,,,,,
2000-03-31,649,124,773,0.3484536082474226,,26.711,171.83025,27.49,62.086000000000006,50.15,29.89,21.99   ,,,,,,,,
2000-04-30,680,125,805,0.4254143646408839,,22.933,164.27441666666664,22.76,52.693000000000005,45.44,25.54,20.85   ,693476.0,67859.0,5293720.0,33099.0,48383.6,1358670.0,,307273.0
2000-05-31,705,139,844,0.4352941176470588,,26.939,173.20425,27.74,61.151,49.12,28.81,25.19   ,,,,,,,,
2000-06-30,739,139,878,0.4444444444444444,,29.124,183.48075,29.8,66.503,53.6,31.53,27.80   ,,,,,,,,
2000-07-31,784,158,942,0.4006309148264984,,27.935,184.69433333333333,28.68,63.091,50.78,29.72,22.70   ,,,,,,,,
2000-08-31,828,159,987,0.4597014925373134,,28.304,191.2945833333333,30.2,66.617,54.22,31.14,25.31   ,754704.0,66543.0,5379204.0,35472.0,49047.8,1216167.0,1654426.0,476608.0
2000-09-30,865,146,1011,0.4267912772585669,,31.48,200.77425,33.14,72.74300000000001,57.83,33.87,26.43   ,,,,,,,,
2000-10-31,908,147,1055,0.4662921348314606,,30.423,203.37,30.96,69.645,57.57,32.93,26.64   ,,,,,,,,
2000-11-30,916,151,1067,0.4033149171270718,,31.218,211.31825,32.55,72.648,58.85,34.26,26.18   ,,,,,,,,
2000-12-31,950,147,1097,0.3202933985330073,,24.126,200.71141666666668,25.66,59.196,45.32,28.4,16.66   ,747306.0,67880.0,5394721.0,36013.0,48757.9,1193486.0,1622759.0,412906.0
2001-01-31,944,174,1118,0.3190184049079754,,24.057,201.70216666666667,25.62,60.291,46.120000000000005,29.26,19.04   ,,,,,,,,
2001-02-28,973,163,1136,0.3298791018998273,,25.406,197.02316666666667,27.5,61.846,46.78,29.64,19.40   ,,,,,,,,
2001-03-31,996,167,1163,0.3222222222222222,,23.703,189.4475833333333,24.5,56.221,42.21,27.27,15.37   ,,,,,,,,
2001-04-30,1037,169,1206,0.3296703296703296,,24.381,188.19541666666663,25.66,58.07599999999999,43.69,27.62,17.62   ,759172.0,56516.0,5277333.0,33165.0,49078.9,1273092.0,1695119.0,390312.0
2001-05-31,1063,171,1234,0.2476190476190476,,26.249,188.39308333333332,28.31,61.784,44.83,28.68,18.09   ,,,,,,,,
2001-06-30,1107,163,1270,0.3745704467353952,,26.096,184.87916666666663,27.85,59.759,43.23,27.59,18.24   ,,,,,,,,
2001-07-31,1121,157,1278,0.3289473684210526,,23.733,180.03141666666664,24.61,54.984,42.79,26.47,19.91   ,,,,,,,,
2001-08-31,1105,147,1252,0.345724907063197,,24.457,179.55599999999998,25.68,57.373,42.84,27.31,19.66   ,720542.0,64986.0,5518768.0,35601.0,48960.3,1374246.0,1722133.0,428780.0
2001-09-30,1049,144,1193,0.3323170731707317,,24.286,173.17533333333333,25.62,56.109,41.67,25.69,14.25   ,,,,,,,,
2001-10-31,978,133,1111,0.3037974683544304,,19.637,160.7533333333333,20.54,46.24100000000001,33.64,22.21,10.95   ,,,,,,,,
2001-11-30,866,134,1000,0.3131672597864768,,17.648,147.99483333333333,18.8,41.505,28.68,19.67,8.14   ,,,,,,,,
2001-12-31,778,123,901,0.2372262773722627,,17.53,141.049,18.71,41.03,27.950000000000003,19.4,12.08   ,681608.0,68759.0,5660319.0,35650.0,48013.2,1247209.0,1865313.0,438962.0
2002-01-31,741,126,867,0.1672354948805461,,18.331,137.17575000000002,19.42,42.148,29.07,19.73,10.58   ,,,,,,,,
2002-02-28,702,123,825,0.2123893805309734,,18.889,138.17274999999998,20.28,44.113,31.6,20.76,12.21   ,,,,,,,,
2002-03-31,649,114,763,0.1994459833795014,,22.644,149.151,23.7,52.02700000000001,38.96,24.44,20.79   ,,,,,,,,
2002-04-30,645,105,750,0.2865168539325842,,24.882,157.35391666666666,25.73,55.908,42.82,26.26,21.41   ,705908.0,53375.0,5624297.0,34178.0,49193.0,1318460.0,2327171.0,415755.0
2002-05-31,721,105,826,0.2727272727272727,,24.758,163.37991666666667,25.35,56.27599999999999,44.49,26.95,28.66   ,,,,,,,,
2002-06-30,732,110,842,0.4555555555555556,,23.798,160.634,24.08,53.457,43.06,25.55,21.11   ,,,,,,,,
2002-07-31,740,111,851,0.4220532319391635,,25.133,163.5631666666667,25.74,56.702,44.74,26.94,23.28   ,,,,,,,,
2002-08-31,737,111,848,0.357976653696498,,25.986,167.1421666666667,26.65,59.208,47.03,28.2,23.42   ,737196.0,70550.0,5659013.0,35531.0,49192.9,1324971.0,1880976.0,397287.0
2002-09-30,746,114,860,0.3100775193798449,,27.379,173.99216666666666,28.4,62.551,49.92,29.67,23.42   ,,,,,,,,
2002-10-31,740,111,851,0.3782608695652174,,27.317,175.75666666666666,27.54,60.909,47.61,28.86,19.86   ,,,,,,,,
2002-11-30,725,109,834,0.3686274509803922,,24.294,170.76966666666667,24.34,54.848,44.58,26.19,17.83   ,,,,,,,,
2002-12-31,742,114,856,0.3271604938271605,,28.385,179.97299999999998,28.33,62.377,47.620000000000005,29.39,23.43   ,688176.0,78860.0,5584188.0,35127.0,48708.1,1384484.0,2467064.0,422911.0
2003-01-31,743,111,854,0.191860465116279,,30.339,192.87725,31.18,69.18399999999998,54.69,32.7,26.61   ,,,,,,,,
2003-02-28,797,110,907,0.2992700729927007,,31.542,209.7115,32.77,74.634,60.79,35.73,27.62   ,,,,,,,,
2003-03-31,836,105,941,0.2783109404990403,,29.778,209.15724999999995,30.61,69.58200000000002,56.260000000000005,33.16,18.91   ,,,,,,,,
2003-04-30,877,106,983,0.2895927601809955,,25.338,195.8435,25.0,57.636,47.13,28.14,20.41   ,755950.0,63162.0,5253266.0,35343.0,49341.1,1373044.0,2422294.0,334662.0
2003-05-31,921,113,1034,0.5363636363636364,,25.595,191.24133333333336,25.86,58.286,46.96,28.07,22.25   ,,,,,,,,
2003-06-30,958,109,1067,0.3955223880597015,,26.735,195.38325,27.65,63.921,50.75,30.52,22.66   ,,,,,,,,
2003-07-31,974,107,1081,0.2773333333333333,,27.434,197.18591666666669,28.35,64.843,52.2,30.7,21.71   ,,,,,,,,
2003-08-31,979,111,1090,0.2908653846153846,,28.625,201.57925000000003,29.89,67.92599999999999,51.83,31.6,21.90   ,791688.0,58714.0,5495584.0,36780.0,49499.0,1633860.0,2226443.0,448571.0
2003-09-30,984,109,1093,0.2724795640326976,,26.32,192.5928333333333,27.11,60.91,47.23,28.31,17.93   ,,,,,,,,
2003-10-31,997,105,1102,0.3257575757575758,,28.54,197.16166666666663,29.61,65.755,49.67,30.35,20.30   ,,,,,,,,
2003-11-30,1005,106,1111,0.2830687830687831,,28.453,198.61550000000005,28.75,65.734,50.86,31.06,19.53   ,,,,,,,,
2003-12-31,1010,104,1114,0.2537634408602151,,29.436,206.4983333333333,29.81,68.00699999999999,54.32,32.14,21.98   ,746062.0,61377.0,5600499.0,36025.0,49164.0,1582092.0,2269063.0,412455.0
2004-01-31,1001,100,1101,0.2151639344262295,,30.33,213.4328333333333,31.28,72.37000000000002,119.52,34.22,25.58   ,,,,,,,,
2004-02-29,1020,99,1119,0.213768115942029,,29.558,215.74575,30.86,72.674,123.39,34.5,25.15   ,,,,,,,,
2004-03-31,1041,94,1135,0.2176258992805755,,32.048,223.38741666666667,33.63,77.434,128.13,36.72,25.79   ,,,,,,,,
2004-04-30,1058,93,1151,0.2061855670103093,,32.348,226.29875,33.59,77.986,130.94,36.62,25.17   ,772980.0,69203.0,5538186.0,36665.0,49750.5,1975377.0,2802278.0,548183.0
2004-05-31,1068,96,1164,0.227027027027027,,36.265,240.05191666666664,37.57,86.37700000000001,138.38,40.28,28.38   ,,,,,,,,
2004-06-30,1080,96,1176,0.265625,,34.612,238.23541666666668,35.18,80.87299999999999,136.29,38.05,26.60   ,,,,,,,,
2004-07-31,1116,97,1213,0.2418136020151133,,36.285,247.75933333333333,38.22,87.225,143.89,40.81,29.83   ,,,,,,,,
2004-08-31,1139,95,1234,0.2734375,,40.272,260.86958333333337,42.74,96.003,158.24,44.88,31.94   ,848708.0,67631.0,5875052.0,41725.0,50547.1,2022000.0,3080899.0,604243.0
2004-09-30,1148,92,1240,0.2813559322033898,,40.363,269.97866666666664,43.2,97.999,159.75,45.94,30.79   ,,,,,,,,
2004-10-31,1145,95,1240,0.2984126984126984,,45.373,299.52141666666665,49.78,112.963,182.22,53.09,37.74   ,,,,,,,,
2004-11-30,1160,102,1262,0.2893518518518518,,38.96,296.82325,43.11,100.556,172.28,48.48,27.06   ,,,,,,,,
2004-12-31,1140,106,1246,0.2352941176470588,,35.703,286.43,39.6,90.565,155.29999999999998,43.26,23.26   ,811452.0,79580.0,5909229.0,41856.0,50194.0,1895668.0,2932032.0,465930.0
2005-01-31,1153,102,1255,0.1670281995661605,,40.235,290.30608333333333,44.51,99.903,157.42000000000002,29.42,30.87   ,,,,,,,,
2005-02-28,1170,106,1276,0.171875,,41.675,294.27791666666667,45.48,102.569,165.06,28.44,28.58   ,,,,,,,,
2005-03-31,1209,97,1306,0.1838111298482293,,49.074,318.6234166666667,53.1,117.628,187.01,36.5,34.19   ,,,,,,,,
2005-04-30,1241,93,1334,0.2173913043478261,,49.633,323.55733333333336,51.88,115.45,187.23,31.02,28.04   ,808568.0,79771.0,5929431.0,40426.0,50249.8,2347590.0,3664637.0,522096.0
2005-05-31,1229,91,1320,0.2731958762886598,,46.96,319.07116666666667,48.65,108.139,174.84,27.46,26.35   ,,,,,,,,
2005-06-30,1259,96,1355,0.2,,52.038,337.30833333333334,54.35,121.281,195.61,38.16,39.36   ,,,,,,,,
2005-07-31,1297,101,1398,0.2816091954022988,,53.133,349.71975000000003,57.52,127.55500000000002,211.28,44.78,41.82   ,,,,,,,,
2005-08-31,1333,102,1436,0.2405745062836624,,57.819,378.56441666666666,63.98,141.72299999999998,231.05,48.29,45.36   ,858552.0,80321.0,6164952.0,42997.0,50520.7,2500100.0,3737741.0,522943.0
2005-09-30,1360,91,1452,0.1938579654510556,,57.882,393.59225,62.91,142.77599999999998,237.08,42.13,39.60   ,,,,,,,,
2005-10-31,1392,87,1479,0.2557651991614256,,54.628,395.0800833333333,58.54,133.817,226.1,41.52,37.82   ,,,,,,,,
2005-11-30,1402,84,1486,0.2457044673539519,,51.293,383.5205833333334,55.24,124.186,210.88,34.34,32.57   ,,,,,,,,
2005-12-31,1393,77,1470,0.2404287901990811,,52.649,386.905,56.86,127.282,210.17,32.78,30.91   ,839994.0,68563.0,6140035.0,43284.0,49932.4,2338590.0,3862109.0,498099.0
2006-01-31,1396,77,1473,0.2121212121212121,,58.483,398.90325,62.99,140.285,226.86,38.8,40.55   ,,,,,,,,
2006-02-28,1455,79,1533,0.1856946354883081,,56.617,393.3659166666666,60.21,132.81900000000002,222.82,28.68,26.94   ,,,,,,,,
2006-03-31,1464,88,1551,0.1845930232558139,,57.871,396.5766666666666,62.06,136.916,219.62,36.77,34.42   ,,,,,,,,
2006-04-30,1502,95,1597,0.1524163568773234,,64.44,415.93225,70.26,153.78899999999996,243.71,52.02,52.90   ,806272.0,83908.0,6137162.0,40220.0,50171.0,2811817.0,4419617.0,493305.0
2006-05-31,1536,100,1635,0.1976047904191616,,65.113,426.1904166666666,69.78,154.727,256.38,57.29,54.83   ,,,,,,,,
2006-06-30,1570,95,1665,0.2354948805460751,,64.597,434.0783333333333,68.56,157.67,257.57,51.63,50.06   ,,,,,,,,
2006-07-31,1587,94,1681,0.2321428571428571,,68.888,445.9169166666666,73.67,166.986,267.26,57.93,56.79   ,,,,,,,,
2006-08-31,1639,99,1738,0.2366255144032922,,68.806,446.8417500000001,73.23,164.53400000000002,267.36,55.83,54.21   ,911190.0,77804.0,6271410.0,42907.0,51083.2,3237987.0,4718753.0,520982.0
2006-09-30,1646,93,1739,0.2653465346534653,,59.343,421.3095,61.96,140.78900000000002,239.94,41.56,38.87   ,,,,,,,,
2006-10-31,1644,90,1734,0.2516703786191537,,54.97,401.326,57.81,131.114,213.02,36.9,34.74   ,,,,,,,,
2006-11-30,1620,87,1706,0.3218085106382979,,55.422,394.0305833333333,58.76,132.621,208.29,39.17,34.27   ,,,,,,,,
2006-12-31,1634,84,1718,0.3190045248868778,,57.948,398.27616666666665,62.47,139.609,218.2,43.9,41.04   ,788688.0,72199.0,6254867.0,42698.0,50656.6,3309093.0,4993671.0,641807.0
2007-01-31,1630,84,1714,0.2494004796163069,,50.79,377.95458333333335,53.68,121.892,198.2,38.05,31.30   ,,,,,,,,
2007-02-28,1651,85,1736,0.3469696969696969,,54.56,387.8611666666666,57.56,132.061,210.14,44.43,40.26   ,,,,,,,,
2007-03-31,1667,81,1749,0.4276206322795341,,58.59,388.75466666666665,62.05,139.175,219.14,45.6,41.69   ,,,,,,,,
2007-04-30,1675,75,1750,0.3015873015873015,,63.55,401.6905,67.49,149.59799999999998,233.66,44.03,39.56   ,830516.0,81591.0,6038681.0,41591.0,50345.1,3686772.0,6445338.0,620815.0
2007-05-31,1671,77,1748,0.5168539325842697,,64.48,402.51183333333336,67.21,149.091,239.05,46.33,50.35   ,,,,,,,,
2007-06-30,1692,79,1771,0.6397058823529412,,66.89,414.17016666666666,71.05,156.928,250.24,47.19,54.88   ,,,,,,,,
2007-07-31,1698,79,1777,0.4370629370629371,,71.89,432.7560833333333,76.93,169.636,278.04,53.06,,,,,,,,,
2007-08-31,1731,73,1804,0.3223350253807107,,68.71,434.1846666666666,70.76,160.788,272.23,52.76,,845326.0,91936.0,6220393.0,42610.0,50870.8,4222123.0,6320805.0,635653.0
2007-09-30,1718,65,1783,0.3880597014925374,,74.18,458.57383333333337,77.17,176.13299999999998,293.88,53.0,,,,,,,,,
2007-10-31,1713,49,1762,0.4036144578313252,,79.32,485.33775,82.34,188.187,316.89,54.69,,,,,,,,,
2007-11-30,1737,61,1798,0.3614130434782608,,88.84,525.2465,92.41,209.41100000000003,342.19,66.29,,,,,,,,,
2007-12-31,1749,62,1811,0.384020618556701,,87.05,531.1988333333334,90.93,204.139,341.58000000000004,50.02,,797900.0,95626.0,6072458.0,41955.0,50461.7,3643749.0,6399255.0,616832.0
2008-01-31,1690,60,1749,0.3072100313479624,,88.35,546.1365833333333,92.18,206.476,349.98,68.72,,,,,,,,,
2008-02-29,1709,56,1765,0.4131534569983137,,90.64,557.5819166666666,94.99,212.84500000000003,361.06,71.75,,,,,,,,,
2008-03-31,1737,60,1797,0.4815409309791332,,99.03,596.6620833333334,103.64,234.151,393.12,88.87,,,,,,,,,
2008-04-30,1765,64,1829,0.2539682539682539,,105.16,633.9225833333333,109.07,248.625,426.08,94.64,,799888.0,104336.0,6026347.0,40483.0,50431.2,3922285.0,7615755.0,659043.0
2008-05-31,1794,68,1863,0.3473684210526315,,119.39,692.6853333333333,122.8,278.126,471.32,104.28,,,,,,,,,
2008-06-30,1834,67,1902,0.5963302752293579,,128.33,743.5155833333333,132.32,297.594,509.98,108.15,,,,,,,,,
2008-07-31,1865,67,1932,0.3943298969072165,,131.22,766.1875,132.72,296.7070000000001,515.5899999999999,114.95,,,,,,,,,
2008-08-31,1920,67,1987,0.4035476718403548,,112.41,729.4075833333334,113.24,256.647,464.57,101.1,,813288.0,127295.0,6072234.0,40212.0,50650.1,3398087.0,7029992.0,635388.0
2008-09-30,1942,72,2014,0.4114832535885168,,96.85,685.9559166666667,97.23,227.064,402.66,83.87,,,,,,,,,
2008-10-31,1903,73,1976,0.408352668213457,,69.16,589.0746666666668,71.58,166.56199999999998,306.89000000000004,58.08,,,,,,,,,
2008-11-30,1872,63,1935,0.449438202247191,,49.76,504.233,52.45,123.506,228.37,37.54,,,,,,,,,
2008-12-31,1716,66,1782,0.4158415841584159,,38.6,419.42741666666666,39.95,91.59699999999998,152.57,23.18,,781634.0,115066.0,6177607.0,38298.0,50112.9,3098803.0,7631456.0,661273.0
2009-01-31,1487,66,1553,0.2260869565217391,,41.54,387.74825,43.44,96.939,144.34,29.97,,,,,,,,,
2009-02-28,1263,57,1320,0.3839080459770115,,41.41,359.30316666666664,43.32,93.419,141.20000000000002,31.71,,,,,,,,,
2009-03-31,1059,46,1105,0.3979933110367893,,45.78,370.5195833333333,46.54,105.64499999999998,172.44,40.76,,,,,,,,,
2009-04-30,947,48,995,0.2266666666666666,,50.2,368.28833333333336,50.18,111.765,181.33,43.76,,717692.0,114021.0,6446055.0,36858.0,50035.7,3313597.0,7370432.0,733510.0
2009-05-31,864,54,918,0.2686567164179104,,56.98,388.26866666666666,57.3,129.72299999999998,211.43,51.64,,,,,,,,,
2009-06-30,848,47,895,0.6039603960396039,,68.36,412.15075,68.61,153.993,255.56,61.18,,,,,,,,,
2009-07-31,893,38,931,0.5212121212121212,,64.59,562.276,64.44,143.21400000000003,244.25,54.45,,,,,,,,,
2009-08-31,949,31,980,0.5333333333333333,,71.35,586.6814999999999,72.51,159.91400000000002,265.44,60.57,,693316.0,131374.0,6644185.0,38558.0,50316.1,3334210.0,7257283.0,857298.0
2009-09-30,976,33,1009,0.6141304347826086,,67.17,462.6065833333333,67.65,152.443,266.17,59.52,,,,,,,,,
2009-10-31,1011,33,1044,0.546218487394958,,72.67,423.16508333333337,72.77,165.12,282.18,65.29,,,,,,,,,
2009-11-30,1071,36,1107,0.5622317596566524,,76.29,435.55016666666666,76.66,171.59299999999993,290.42999999999995,65.04,,,,,,,,,
2009-12-31,1136,37,1172,0.5302197802197803,,74.01,438.922,74.46,165.82500000000002,285.29999999999995,61.89,,653112.0,123774.0,6542698.0,36697.0,49831.3,3238038.0,6830631.0,891879.0
2010-01-31,1225,42,1267,0.4619883040935673,,76.01,454.5955,76.17,172.163,294.68,69.28,,,,,,,,,
2010-02-28,1305,45,1350,0.540394973070018,,72.99,456.00408333333337,73.75,167.445,293.36,67.91,,,,,,,,,
2010-03-31,1369,50,1419,0.6224677716390423,,77.21,474.4869166666667,78.83,178.31699999999998,304.09000000000003,71.82,,,,,,,,,
2010-04-30,1426,53,1479,0.3509933774834437,,82.33,490.42975,84.82,188.27500000000003,315.89,72.02,,751538.0,145948.0,6468308.0,36856.0,50857.7,3853105.0,7281774.0,868062.0
2010-05-31,1464,49,1513,0.4077669902912622,,74.48,470.4913333333334,75.95,167.35199999999998,289.92,57.49,,,,,,,,,
2010-06-30,1511,20,1531,0.671875,,72.95,470.817,74.76,167.77800000000005,288.48,62.33,,,,,,,,,
2010-07-31,1558,15,1573,0.6191950464396285,,72.51,469.1672500000001,75.58,169.36899999999997,289.19,64.28,,,,,,,,,
2010-08-31,1619,20,1638,0.583547557840617,,74.15,472.408,77.04,171.236,290.71000000000004,61.93,,766090.0,149438.0,7066536.0,38830.0,50957.1,3408221.0,6875905.0,886054.0
2010-09-30,1635,19,1655,0.5695876288659794,,74.63,470.3061666666667,77.84,170.89600000000002,289.21,55.44,,,,,,,,,
2010-10-31,1647,21,1668,0.5942492012779552,,79.86,487.31025,82.67,183.669,309.62,56.72,,,,,,,,,
2010-11-30,1661,22,1683,0.5899280575539568,,82.83,498.30466666666666,85.28,189.117,319.68,69.56,,,,,,,,,
2010-12-31,1687,24,1711,0.6035634743875278,,88.56,520.05525,91.45,201.385,339.19,74.89,,690198.0,163930.0,6953240.0,39871.0,50831.4,3807377.0,6635263.0,897666.0
2011-01-31,1686,26,1711,0.6184834123222749,,92.83,528.3439999999999,96.52,207.404,347.83,71.18,,,,,,,,,
2011-02-28,1692,26,1718,0.6709265175718849,,100.29,532.2278333333333,103.72,215.601,356.28000000000003,63.42,,,,,,,,,
2011-03-31,1694,26,1720,0.7152,,109.84,572.7244999999999,114.64,243.351,410.28,79.13,,,,,,,,,
2011-04-30,1762,28,1790,0.6210526315789474,,118.09,605.4554999999999,123.26,260.283,448.19,89.69,,704744.0,184285.0,6755871.0,39176.0,50264.9,4339295.0,7936843.0,884090.0
2011-05-31,1804,32,1836,0.5121951219512195,,109.94,600.3210833333333,114.99,241.721,426.38,85.66,,,,,,,,,
2011-06-30,1829,34,1863,0.6630434782608696,,109.04,589.5668333333333,113.83,235.251,407.28,79.42,,,,,,,,,
2011-07-31,1865,35,1900,0.6708333333333334,,111.62,585.94775,116.97,240.344,413.22,78.31,,,,,,,,,
2011-08-31,1923,35,1957,0.6875,,106.32,555.0024999999999,110.22,221.462,384.86,66.51,,691980.0,186149.0,6832167.0,38828.0,51571.3,4188052.0,7191644.0,877351.0
2011-09-30,1946,32,1978,0.6731141199226306,,107.61,548.0970833333333,112.83,223.084,387.45,71.6,,,,,,,,,
2011-10-31,1982,35,2017,0.6819923371647509,,106.29,542.6951666666666,109.55,220.72800000000004,402.75,76.54,,,,,,,,,
2011-11-30,1974,37,2011,0.6428571428571429,,110.08,573.5389166666666,110.77,232.726,427.51,87.32,,,,,,,,,
2011-12-31,1961,42,2003,0.6487603305785125,,107.34,585.99275,107.87,230.194,418.5,86.86,,680926.0,227374.0,6648468.0,36616.0,50907.5,3544747.0,6160963.0,792013.0
2012-01-31,1960,43,2003,0.551246537396122,,111.76,599.0289166666666,110.69,236.116,410.79,86.47,,,,,,,,,
2012-02-29,1949,42,1990,0.7253521126760564,,117.48,608.3655,119.33,248.141,423.78,83.04,,,,,,,,,
2012-03-31,1935,43,1979,0.7547723935389133,,122.97,621.259,125.45,259.019,444.47,75.01,,,,,,,,,
2012-04-30,1917,44,1962,0.5775401069518717,,118.18,615.8255,119.75,249.91,443.52,70.4,,636630.0,196307.0,6742653.0,37513.0,49588.6,4224597.0,6736334.0,805723.0
2012-05-31,1931,46,1977,0.5877862595419847,,108.07,592.3231666666667,110.34,229.673,410.86,75.1,,,,,,,,,
2012-06-30,1923,49,1972,0.7435897435897436,,93.98,549.9103333333334,95.16,199.32,358.17,66.37,,,,,,,,,
2012-07-31,1894,51,1944,0.803030303030303,,99.55,549.62125,102.62,213.964,362.62,64.28,,,,,,,,,
2012-08-31,1863,50,1913,0.7062706270627064,,109.52,562.9463333333334,113.36,233.25800000000004,380.15,69.03,,674536.0,191052.0,6851962.0,40051.0,50192.1,4118580.0,6360005.0,905725.0
2012-09-30,1807,51,1859,0.7420289855072464,,110.67,574.18025,112.86,233.785,402.52,78.17,,,,,,,,,
2012-10-31,1785,49,1834,0.739247311827957,,108.36,566.1094166666667,111.71,226.92,386.24,79.88,,,,,,,,,
2012-11-30,1758,51,1809,0.7597911227154047,,106.86,554.0559166666667,109.06,219.828,378.23,72.47,,,,,,,,,
2012-12-31,1734,50,1784,0.6921182266009852,,106.55,551.0624166666668,109.49,220.9,379.48,57.87,,597920.0,225433.0,6826215.0,37788.0,50590.4,,,
2013-01-31,1705,52,1756,0.5775193798449613,,109.28,566.3151666666668,112.96,232.399,394.89,62.11,,,,,,,,,
2013-02-28,1708,54,1762,0.7568,,112.75,572.2343333333333,116.05,237.611,393.92,58.4,,,,,,,,,
2013-03-31,1705,51,1756,0.7770992366412214,,106.44,569.588,108.47,226.125,401.76,66.72,,,,,,,,,
2013-04-30,1707,49,1755,0.5679611650485437,,101.05,564.3540833333333,102.25,217.74299999999997,398.43,68.87,,610050.0,194081.0,6812331.0,37220.0,50995.8,,,
2013-05-31,1715,52,1767,0.5454545454545454,,100.65,570.1802499999999,102.56,220.492,393.2,80.93,,,,,,,,,
2013-06-30,1706,55,1761,0.6578947368421053,,101.03,572.7564166666666,102.92,222.189,388.08,75.39,,,,,,,,,
2013-07-31,1708,58,1766,0.7102803738317757,,104.45,603.7605000000001,107.93,237.165,412.54,90.5,,,,,,,,,
2013-08-31,1720,61,1781,0.6539589442815249,,107.52,617.0235833333334,111.28,242.70200000000003,419.09,90.97,,635432.0,230926.0,6925504.0,38175.0,52022.4,,,
2013-09-30,1695,65,1760,0.6349614395886889,,108.73,626.44375,111.6,242.324,418.63000000000005,83.57,,,,,,,,,
2013-10-31,1683,61,1744,0.5789473684210527,,106.69,614.1600000000001,109.08,233.419,393.72,74.21,,,,,,,,,
2013-11-30,1698,58,1756,0.5913705583756346,,104.97,593.59075,107.79,225.064,365.35,62.62,,,,,,,,,
2013-12-31,1710,61,1771,0.5721393034825871,,107.67,598.08725,110.76,232.593,374.77,58.95,,591438.0,285296.0,6786151.0,38009.0,52107.9,,,
2014-01-31,1711,58,1769,0.5390070921985816,,104.71,588.6909166666666,108.12,226.924,364.1,65.69,,,,,,,,,
2014-02-28,1714,55,1769,0.6586151368760065,,105.38,607.221,108.9,234.77,396.98,81.54,,,,,,,,,
2014-03-31,1750,54,1803,0.6626916524701875,,104.15,610.0831666666667,107.48,232.316,392.91,79.42,,,,,,,,,
2014-04-30,1784,52,1835,0.4680851063829787,,104.27,619.7309166666666,107.76,234.461,393.39,79.56,,576004.0,238450.0,6616218.0,36102.0,52256.6,,,
2014-05-31,1801,58,1859,0.4110429447852761,,105.44,621.1165000000001,109.54,236.007,387.96,82.72,,,,,,,,,
2014-06-30,1804,58,1861,0.5700934579439253,,107.89,633.32225,111.8,242.151,401.2600000000001,86.56,,,,,,,,,
2014-07-31,1819,57,1876,0.6148867313915858,,105.61,628.0363333333333,106.77,234.068,393.63,82.73,,,,,,,,,
2014-08-31,1842,62,1904,0.576530612244898,,100.75,608.9753333333334,101.61,221.52400000000003,369.42,73.89,,577756.0,276348.0,6861410.0,39650.0,52470.7,,,
2014-09-30,1866,64,1930,0.5507246376811594,,95.98,591.9124166666666,97.09,213.014,359.54,74.35,,,,,,,,,
2014-10-31,1868,57,1925,0.5790697674418605,,85.06,559.2094166666667,87.43,192.17400000000004,322.07,70.6,,,,,,,,,
2014-11-30,1872,53,1925,0.548780487804878,,75.57,526.9401666666668,79.44,173.856,300.12,62.87,,,,,,,,,
2014-12-31,1810,58,1868,0.5023696682464455,,59.46,462.8110833333333,62.34,136.17299999999994,231.04,43.24,,582926.0,303300.0,6895532.0,39878.0,52468.1,,,
2015-01-31,1598,53,1651,0.25,103 / 153,44.38,406.31775,47.76,107.274,180.07999999999998,30.43,,,,,,,,,
2015-02-28,1296,52,1348,0.4829396325459317,107 / 157,54.06,386.3631666666666,58.1,123.81,182.13,36.52,,,,,,,,,
2015-03-31,1066,43,1109,0.5,111 / 161,52.46,363.68758333333335,55.89,118.144,176.7,34.76,,,,,,,,,
2015-04-30,943,33,976,0.2,115 / 165,57.3,372.72516666666667,59.52,129.054,208.42,40.26,,562432.0,296259.0,7428687.0,38291.0,52536.0,,,
2015-05-31,857,32,889,0.2151898734177215,119 / 169,62.16,381.69633333333337,64.08,139.71699999999998,223.49,47.5,,,,,,,,,
2015-06-30,833,28,861,0.5086206896551724,123 / 173,60.21,382.6904166666666,61.48,136.886,232.34,51.29,,,,,,,,,
2015-07-31,835,31,866,0.5179856115107915,127 / 177,54.19,354.7426666666667,56.56,122.38200000000002,199.42,43.49,,,,,,,,,
2015-08-31,849,34,883,0.4807692307692308,131 / 181,45.46,318.49666666666667,46.52,102.307,165.2,29.48,,611218.0,279460.0,7631112.0,40153.0,53251.7,,,
2015-09-30,816,32,848,0.4171122994652406,135 / 185,44.83,305.581,47.62,105.361,169.02,26.5,,,,,,,,,
2015-10-31,758,33,791,0.3910614525139665,139 / 189,45.02,297.33491666666663,48.43,106.712,167.63,32.78,,,,,,,,,
2015-11-30,729,31,760,0.427027027027027,143 / 193,40.5,283.539,44.27,98.11400000000002,151.65,27.78,,,,,,,,,
2015-12-31,686,24,711,0.4350282485875706,101 / 151,33.64,263.0855833333333,38.01,85.24999999999997,127.73000000000002,22.51,,604028.0,326505.0,7777422.0,41003.0,53306.6,,,
2016-01-31,615,28,643,0.4277108433734939,105 / 155,26.5,240.49633333333333,30.7,71.02,107.3,17.88,,,,,,,,,
2016-02-29,506,26,532,0.5413223140495868,109 / 159,28.72,225.45841666666664,32.18,70.852,99.66,16.3,,,,,,,,,
2016-03-31,451,27,477,0.3875968992248062,113 / 163,34.65,238.651,38.21,85.863,124.37,23.46,,,,,,,,,
2016-04-30,411,26,437,0.2244897959183673,117 / 167,37.86,248.55216666666664,41.58,93.2,139.4,27.88,,589318.0,311712.0,8042400.0,40452.0,52949.6,,,
2016-05-31,384,24,407,0.3055555555555556,121 / 171,43.21,269.4395,46.74,105.41,160.46,32.52,,,,,,,,,
2016-06-30,396,21,417,0.3170731707317073,125 / 175,45.84,279.37425,48.25,109.448,171.05,36.47,,,,,,,,,
2016-07-31,429,20,449,0.4605263157894737,129 / 179,42.68,273.66925000000003,44.95,100.879,158.13,32.8,,,,,,,,,
2016-08-31,464,17,481,0.4918032786885246,133 / 183,43.1,272.77933333333334,45.84,102.003,157.17000000000002,30.9,,639980.0,315984.0,8185177.0,41344.0,53934.1,,,
2016-09-30,491,18,509,0.5620437956204379,137 / 187,42.89,271.0145,46.57,103.571,156.19,30.62,,,,,,,,,
2016-10-31,521,23,543,0.5272727272727272,141 / 191,47.87,284.5949166666667,49.52,112.18099999999998,173.01,35.83,,,,,,,,,
2016-11-30,558,22,580,0.4935064935064935,149 / 199,43.22,277.6123333333333,44.73,102.31599999999996,163.09000000000003,31.89,,,,,,,,,
2016-12-31,611,23,634,0.5,103 / 153,51.67,298.4669166666667,53.31,118.555,183.84,37.18,,607126.0,345575.0,7572003.0,40373.0,54007.3,,,
2017-01-31,659,24,683,0.3951219512195122,107 / 157,52.4,304.8199166666667,54.58,120.604,187.89,37.19,,,,,,,,,
2017-02-28,724,20,744,0.5743440233236152,111 / 161,53.37,315.2255,54.87,121.965,191.74,39.14,,,,,,,,,
2017-03-31,770,19,789,0.5880597014925373,115 / 165,50.32,307.4073333333333,51.59,113.8,182.83,35.68,,,,,,,,,
2017-04-30,833,20,853,0.3181818181818182,119 / 169,51.37,311.56758333333335,52.31,116.846,185.16,36.84,,619340.0,376650.0,7522990.0,38920.0,54610.8,,,
2017-05-31,871,22,893,0.3292682926829268,123 / 173,49.2,303.64175000000006,50.33,111.664,177.89,38.84,,,,,,,,,
2017-06-30,909,22,931,0.5151515151515151,127 / 177,45.21,293.32125,46.37,103.526,165.31,35.8,,,,,,,,,
2017-07-31,931,22,953,0.6,131 / 181,46.93,293.3615833333333,48.48,107.923,171.06,36.37,,,,,,,,,
2017-08-31,930,17,947,0.5714285714285715,135 / 185,49.6,296.49133333333333,51.7,113.64,175.85,38.5,,626970.0,351260.0,7410670.0,43892.0,54477.9,,,
2017-09-30,922,18,940,0.5074626865671642,139 / 189,53.44,303.49766666666665,56.15,121.287,187.17,39.93,,,,,,,,,
2017-10-31,901,21,922,0.5358851674641149,143 / 193,55.5,310.733,57.51,123.936,196.42,39.87,,,,,,,,,
2017-11-30,891,20,911,0.5208333333333334,101 / 151,60.74,328.71025,62.71,135.07799999999995,220.11,45.52,,,,,,,,,
2017-12-31,911,19,930,0.5,105 / 155,62.06,337.4065,64.37,137.71,227.09000000000003,44.02,,615966.0,442417.0,7102245.0,41582.0,54742.7,,,
2018-01-31,919,18,937,0.5632183908045977,109 / 159,66.85,359.069,69.08,149.479,247.90000000000003,42.53,,,,,,,,,
2018-02-28,952,17,969,0.6842105263157895,113 / 163,63.48,360.73675,65.32,143.33299999999997,243.09,37.72,,,,,,,,,
2018-03-31,976,13,989,0.6986754966887417,117 / 167,63.76,367.3658333333333,66.02,144.82500000000002,238.85,35.53,,,,,,,,,
2018-04-30,995,16,1011,0.4324324324324324,121 / 171,68.43,378.39866666666666,72.11,155.668,251.01,40.47,,622498.0,467821.0,6895483.0,42818.0,54389.0,,,
2018-05-31,1026,20,1046,0.4302325581395349,125 / 175,74.11,394.52391666666665,76.98,165.43300000000002,264.09000000000003,53.25,,,,,,,,,
2018-06-30,1037,19,1056,0.5656565656565657,129 / 179,73.22,396.884,74.41,159.96300000000002,255.29,52.1,,,,,,,,,
2018-07-31,1032,18,1050,0.6923076923076924,133 / 183,73.27,410.9163333333334,74.25,163.046,272.77,52.83,,,,,,,,,
2018-08-31,1031,19,1050,0.6816143497757847,137 / 187,72.26,406.7985000000001,72.53,158.487,254.84,48.55,,646900.0,444163.0,6951019.0,41879.0,55267.6,,,
2018-09-30,1033,20,1053,0.6519607843137256,141 / 191,77.18,416.3505833333333,78.89,167.708,262.21000000000004,40.37,,,,,,,,,
2018-10-31,1041,21,1063,0.6538461538461539,149 / 199,79.39,420.9576666666666,81.03,170.535,271.88,41.15,,,,,,,,,
2018-11-30,1055,22,1077,0.6111111111111112,103 / 153,65.33,387.29816666666665,64.75,137.40800000000002,232.77,11.03,,,,,,,,,
2018-12-31,1054,24,1077,0.5483870967741936,107 / 157,56.94,356.694,57.36,120.721,206.06,5.97,,559276.0,514661.0,7031177.0,41526.0,55050.4,,,
2019-01-31,1044,21,1065,0.2631578947368421,111 / 161,58.74,345.4764166666667,59.41,124.875,201.57,34.3,,,,,,,,,
2019-02-28,1029,20,1048,0.654320987654321,115 / 165,63.83,349.2523333333334,63.96,134.088,217.59,45.33,,,,,,,,,
2019-03-31,1001,22,1023,0.6635071090047394,119 / 169,66.37,360.4060833333334,66.14,140.40399999999997,237.73,48.21,,,,,,,,,
2019-04-30,990,22,1013,0.3235294117647059,123 / 173,70.78,379.2778333333333,71.23,152.57999999999998,257.99,53.25,,571488.0,502934.0,6990734.0,39775.0,54395.7,,,
2019-05-31,965,21,986,0.2786885245901639,127 / 177,69.97,375.6883333333333,71.32,149.04099999999997,247.05,52.44,,,,,,,,,
2019-06-30,945,24,970,0.5728155339805825,131 / 181,62.92,358.64175,64.22,133.82700000000003,226.77,41.74,,,,,,,,,
2019-07-31,930,25,955,0.6666666666666667,135 / 185,64.71,357.27475,63.92,136.966,232.32,44.7,,,,,,,,,
2019-08-31,900,26,926,0.6642335766423357,139 / 189,59.62,345.527,59.04,128.524,218.35,43.1,,581970.0,523133.0,7288419.0,42969.0,55543.8,,,
2019-09-30,852,26,878,0.6938775510204082,143 / 193,62.36,349.00783333333334,62.83,135.31400000000002,223.86,44.84,,,,,,,,,
2019-10-31,825,23,848,0.7291666666666667,101 / 151,59.91,338.1926666666667,59.71,129.388,217.4,41.96,,,,,,,,,
2019-11-30,788,22,810,0.6549295774647887,105 / 155,62.94,346.0706666666667,63.21,135.67100000000002,221.25,42.32,,,,,,,,,
2019-12-31,781,23,804,0.6304347826086957,109 / 159,66.48,354.92600000000004,67.31,142.397,233.06,39.11,,567886.0,578507.0,7155115.0,42702.0,55103.5,,,
2020-01-31,770,21,791,0.3176470588235294,113 / 163,65.1,353.8016666666667,63.65,135.81700000000004,224.64,36.82,,,,,,,,,
2020-02-29,768,23,790,0.6498054474708171,117 / 167,55.53,334.05741666666665,55.66,119.504,196.36,27.28,,,,,,,,,
2020-03-31,752,20,771,0.6600985221674878,121 / 171,33.92,267.5099166666667,32.01,69.86500000000001,127.98,12.84,,,,,,,,,
2020-04-30,548,18,565,0.2195121951219512,125 / 175,17.66,207.64533333333333,18.38,40.830000000000005,57.82,3.5,,434440.0,501186.0,7320134.0,27593.0,51337.2,,,
2020-05-31,335,13,348,0.2592592592592593,129 / 179,25.17,210.0523333333333,29.38,65.26,73.32,11.67,,,,,,,,,
2020-06-30,262,12,274,0.3333333333333333,133 / 183,37.05,232.20733333333337,40.27,88.03800000000001,132.11,33.97,,,,,,,,,
2020-07-31,243,12,255,0.3333333333333333,137 / 187,43.42,249.8216666666667,43.24,94.118,146.10000000000002,32.5,,,,,,,,,
2020-08-31,237,13,250,0.276595744680851,141 / 191,45.19,260.6395,44.74,97.50100000000002,158.21,34.6,,461880.0,530109.0,7803740.0,33958.0,52015.9,,,
2020-09-30,242,15,257,0.3653846153846154,149 / 199,41.54,253.50091666666668,40.91,90.18,146.25,28.43,,,,,,,,,
2020-10-31,266,14,280,0.4933333333333333,103 / 153,40.08,250.70325,40.19,89.32499999999999,143.56,31.17,,,,,,,,,
2020-11-30,298,12,311,0.4302325581395349,107 / 157,42.61,250.9235833333333,42.69,93.91799999999998,153.20999999999998,31.57,,,,,,,,,
2020-12-31,326,15,341,0.3921568627450981,111 / 161,49.17,265.651,49.99,108.822,174.94,37.32,,479768.0,553280.0,7469193.0,38178.0,51390.1,,,
2021-01-31,358,16,374,0.452991452991453,115 / 165,54.38,282.5903333333334,54.77,119.927,199.38,40.04,,,,,,,,,
2021-02-28,381,17,397,0.5555555555555556,119 / 169,61.05,310.72025,62.28,136.132,227.17,45.13,,,,,,,,,
2021-03-31,395,13,408,0.5673758865248227,123 / 173,64.56,333.0063333333334,65.41,143.637,241.65,50.94,,,,,,,,,
2021-04-30,424,12,436,0.3478260869565218,127 / 177,63.24,345.42541666666665,64.81,142.342,238.57,50.51,,496108.0,522545.0,7183977.0,40656.0,51976.3,,,
2021-05-31,439,14,453,0.4,131 / 181,66.91,362.79300000000006,68.53,150.51000000000002,251.54,54.78,,,,,,,,,
2021-06-30,451,13,464,0.5584415584415585,135 / 185,71.89,387.46225,73.16,162.135,274.31,58.46,,,,,,,,,
2021-07-31,468,16,483,0.6397058823529412,139 / 189,73.53,403.6983333333334,75.17,165.72899999999998,279.8,58.46,,,,,,,,,
2021-08-31,486,15,501,0.6089743589743589,143 / 193,70.33,400.5375833333334,70.75,156.31400000000002,260.6,54.47,,540272.0,549741.0,6996066.0,45640.0,52731.4,,,
2021-09-30,502,6,508,0.605263157894737,101 / 151,73.88,415.3945000000001,74.49,164.824,274.79,58.02,,,,,,,,,
2021-10-31,526,12,538,0.5878787878787879,105 / 155,82.11,449.0095,83.54,186.10200000000003,314.77000000000004,69.3,,,,,,,,,
2021-11-30,545,15,560,0.59375,109 / 159,80.37,459.67233333333337,81.05,180.322,303.96,65.25,,,,,,,,,
2021-12-31,565,14,579,0.6277777777777778,113 / 163,74.38,446.5181666666666,74.17,164.50999999999996,278.79999999999995,53.1,,530314.0,602280.0,6759702.0,40909.0,52153.2,,,
2022-01-31,583,18,601,0.5531914893617021,117 / 167,85.24,475.5194166666666,86.51,191.063,321.47,65.6,,,,,,,,,
2022-02-28,622,14,636,0.6238532110091743,121 / 171,93.95,506.684,97.13,212.20999999999995,355.37,79.1,,,,,,,,,
2022-03-31,649,12,662,0.6175115207373272,125 / 175,113.48,574.3495,117.25,255.58,426.18,94.57,,,,,,,,,
2022-04-30,677,13,690,0.5161290322580645,129 / 179,105.64,582.7421666666667,104.58,237.191,411.44000000000005,89.06,,494840.0,579896.0,6371794.0,37543.0,52079.9,,,
2022-05-31,701,17,719,0.4615384615384615,133 / 183,113.87,621.2886666666667,113.34,256.754,432.97,96.6,,,,,,,,,
2022-06-30,723,16,738,0.6153846153846154,137 / 187,117.72,642.3735833333333,122.71,272.56600000000003,455.2000000000001,101.17,,,,,,,,,
2022-07-31,740,16,757,0.6566265060240964,141 / 191,108.55,619.1406666666667,111.93,242.774,401.16,80.44,,,,,,,,,
2022-08-31,746,18,764,0.6896551724137931,149 / 199,101.9,597.4271666666666,100.45,221.575,376.31,70.45,,518778.0,604341.0,6330298.0,40145.0,52908.1,,,
2022-09-30,747,16,762,0.6875,103 / 153,95.32,561.8624166666667,89.76,200.957,341.76,64.18,,,,,,,,,
2022-10-31,754,14,768,0.6883720930232559,107 / 157,93.62,557.6421666666666,93.33,210.86,348.78000000000003,66.38,,,,,,,,,
2022-11-30,763,16,779,0.6746411483253589,111 / 161,89.73,546.90125,91.42,202.54,337.49,57.44,,,,,,,,,
2022-12-31,763,16,780,0.6564102564102564,115 / 165,79.68,525.98825,80.92,179.692,308.35,47.14,,497614.0,622148.0,6058033.0,41849.0,51938.0,,,
2023-01-31,756,16,772,0.5978835978835979,119 / 169,,,,,301.25,49.94,,,,,,,,,
2023-02-28,742,16,758,0.6385542168674699,123 / 173,,,,,293.88,51.16,,,,,,,,,
2023-03-31,736,17,752,0.6422764227642277,127 / 177,,,,,283.68,52.99,,,,,,,,,
2023-04-30,733,19,752,0.4094488188976378,131 / 181,,,,,306.3,63.48,,508190.0,586893.0,6105097.0,38110.0,53094.1,,,
2023-05-31,707,21,728,0.3655913978494624,135 / 185,,,,,280.0,56.24,,,,,,,,,
2023-06-30,667,20,687,0.5257731958762887,139 / 189,,,,,276.8,56.42,,,,,,,,,
2023-07-31,654,19,672,0.6342857142857143,143 / 193,,,,,297.65,64.12,,,,,,,,,
2023-08-31,629,18,647,0.6276595744680852,101 / 151,,,,,322.36999999999995,70.13,,556032.0,619900.0,6153649.0,42859.0,53844.2,,,
2023-09-30,613,19,631,0.6149732620320856,105 / 155,,,,,353.63000000000005,73.85,,,,,,,,,
2023-10-31,600,23,623,0.6,109 / 159,,,,,339.32,67.23,,,,,,,,,
2023-11-30,599,20,619,0.6224489795918366,113 / 163,,,,,312.13,56.61,,,,,,,,,
2023-12-31,603,20,623,0.6354166666666667,117 / 167,,,,,,,,,,,,,,,
