,Total DUC,Total US RigCount,U.S. Product Supplied of Crude Oil (Thousand Barrels per Day),U.S. Crude Oil Proved Reserves (Million Barrels),U.S. Field Production of Crude Oil (Thousand Barrels),Crude oil including lease condensate production,"Petroleum and other liquids production, Mexico (thousand barrels per day)",Total Imports,Africa_Imports,Asia_Imports,South America_Imports,Europe_Imports,North America_Imports,Oceania_Imports,Total Exports,Asia_Exports,Europe_Exports,Africa_Exports,North America_Exports,South America_Exports,Oceania_Exports,NYMEX - Light Sweet Crude $/bbl,Federal Offshore--Gulf of Mexico Natural Gas Gross Withdrawals (MMcf),US Offshore
1960-01-31,,,,31719.0,224140.0,,,,,,,,,,,,,,,,,,,
1960-02-29,,,,31719.0,209986.0,,,,,,,,,,,,,,,,,,,
1960-03-31,,,,31719.0,220977.0,,,,,,,,,,,,,,,,,,,
1960-04-30,,,,31719.0,211132.0,,,,,,,,,,,,,,,,,,,
1960-05-31,,,,31719.0,212296.0,,,,,,,,,,,,,,,,,,,
1960-06-30,,,,31719.0,208161.0,,,,,,,,,,,,,,,,,,,
1960-07-31,,,,31613.0,212645.0,,,,,,,,,,,,,,,,,,,
1960-08-31,,,,31613.0,215145.0,,,,,,,,,,,,,,,,,,,
1960-09-30,,,,31613.0,209119.0,,,,,,,,,,,,,,,,,,,
1960-10-31,,,,31613.0,215687.0,,,,,,,,,,,,,,,,,,,
1960-11-30,,,,31613.0,213992.0,,,,,,,,,,,,,,,,,,,
1960-12-31,,,,31613.0,221653.0,,,,,,,,,,,,,,,,,,,
1961-01-31,,,,31613.0,223497.0,,,,,,,,,,,,,,,,,,,
1961-02-28,,,,31613.0,204274.0,,,,,,,,,,,,,,,,,,,
1961-03-31,,,,31613.0,231596.0,,,,,,,,,,,,,,,,,,,
1961-04-30,,,,31613.0,219846.0,,,,,,,,,,,,,,,,,,,
1961-05-31,,,,31613.0,221553.0,,,,,,,,,,,,,,,,,,,
1961-06-30,,,,31613.0,213084.0,,,,,,,,,,,,,,,,,,,
1961-07-31,,,,31759.0,215699.0,,,,,,,,,,,,,,,,,,,
1961-08-31,,,,31759.0,220218.0,,,,,,,,,,,,,,,,,,,
1961-09-30,,,,31759.0,209848.0,,,,,,,,,,,,,,,,,,,
1961-10-31,,,,31759.0,220942.0,,,,,,,,,,,,,,,,,,,
1961-11-30,,,,31759.0,214566.0,,,,,,,,,,,,,,,,,,,
1961-12-31,,,,31759.0,226635.0,,,,,,,,,,,,,,,,,,,
1962-01-31,,,,31759.0,227756.0,,,,,,,,,,,,,,,,,,,
1962-02-28,,,,31759.0,209072.0,,,,,,,,,,,,,,,,,,,
1962-03-31,,,,31759.0,228661.0,,,,,,,,,,,,,,,,,,,
1962-04-30,,,,31759.0,221737.0,,,,,,,,,,,,,,,,,,,
1962-05-31,,,,31759.0,222969.0,,,,,,,,,,,,,,,,,,,
1962-06-30,,,,31759.0,217712.0,,,,,,,,,,,,,,,,,,,
1962-07-31,,,,31389.0,224018.0,,,,,,,,,,,,,,,,,,,
1962-08-31,,,,31389.0,224240.0,,,,,,,,,,,,,,,,,,,
1962-09-30,,,,31389.0,219589.0,,,,,,,,,,,,,,,,,,,
1962-10-31,,,,31389.0,228380.0,,,,,,,,,,,,,,,,,,,
1962-11-30,,,,31389.0,223231.0,,,,,,,,,,,,,,,,,,,
1962-12-31,,,,31389.0,228824.0,,,,,,,,,,,,,,,,,,,
1963-01-31,,,,31389.0,226420.0,,,,,,,,,,,,,,,,,,,
1963-02-28,,,,31389.0,212437.0,,,,,,,,,,,,,,,,,,,
1963-03-31,,,,31389.0,234289.0,,,,,,,,,,,,,,,,,,,
1963-04-30,,,,31389.0,228270.0,,,,,,,,,,,,,,,,,,,
1963-05-31,,,,31389.0,234499.0,,,,,,,,,,,,,,,,,,,
1963-06-30,,,,31389.0,226853.0,,,,,,,,,,,,,,,,,,,
1963-07-31,,,,30970.0,235144.0,,,,,,,,,,,,,,,,,,,
1963-08-31,,,,30970.0,236830.0,,,,,,,,,,,,,,,,,,,
1963-09-30,,,,30970.0,225207.0,,,,,,,,,,,,,,,,,,,
1963-10-31,,,,30970.0,233610.0,,,,,,,,,,,,,,,,,,,
1963-11-30,,,,30970.0,226321.0,,,,,,,,,,,,,,,,,,,
1963-12-31,,,,30970.0,232843.0,,,,,,,,,,,,,,,,,,,
1964-01-31,,,,30970.0,236337.0,,,,,,,,,,,,,,,,,,,
1964-02-29,,,,30970.0,222947.0,,,,,,,,,,,,,,,,,,,
1964-03-31,,,,30970.0,239068.0,,,,,,,,,,,,,,,,,,,
1964-04-30,,,,30970.0,232185.0,,,,,,,,,,,,,,,,,,,
1964-05-31,,,,30970.0,234742.0,,,,,,,,,,,,,,,,,,,
1964-06-30,,,,30970.0,226808.0,,,,,,,,,,,,,,,,,,,
1964-07-31,,,,30991.0,231648.0,,,,,,,,,,,,,,,,,,,
1964-08-31,,,,30991.0,230926.0,,,,,,,,,,,,,,,,,,,
1964-09-30,,,,30991.0,225965.0,,,,,,,,,,,,,,,,,,,
1964-10-31,,,,30991.0,236304.0,,,,,,,,,,,,,,,,,,,
1964-11-30,,,,30991.0,229029.0,,,,,,,,,,,,,,,,,,,
1964-12-31,,,,30991.0,240863.0,,,,,,,,,,,,,,,,,,,
1965-01-31,,,,30991.0,240946.0,,,,,,,,,,,,,,,,,,,
1965-02-28,,,,30991.0,218612.0,,,,,,,,,,,,,,,,,,,
1965-03-31,,,,30991.0,243763.0,,,,,,,,,,,,,,,,,,,
1965-04-30,,,,30991.0,236844.0,,,,,,,,,,,,,,,,,,,
1965-05-31,,,,30991.0,238253.0,,,,,,,,,,,,,,,,,,,
1965-06-30,,,,30991.0,232440.0,,,,,,,,,,,,,,,,,,,
1965-07-31,,,,31352.0,237606.0,,,,,,,,,,,,,,,,,,,
1965-08-31,,,,31352.0,240180.0,,,,,,,,,,,,,,,,,,,
1965-09-30,,,,31352.0,222529.0,,,,,,,,,,,,,,,,,,,
1965-10-31,,,,31352.0,244122.0,,,,,,,,,,,,,,,,,,,
1965-11-30,,,,31352.0,239635.0,,,,,,,,,,,,,,,,,,,
1965-12-31,,,,31352.0,253584.0,,,,,,,,,,,,,,,,,,,
1966-01-31,,,,31352.0,249459.0,,,,,,,,,,,,,,,,,,,
1966-02-28,,,,31352.0,230733.0,,,,,,,,,,,,,,,,,,,
1966-03-31,,,,31352.0,257107.0,,,,,,,,,,,,,,,,,,,
1966-04-30,,,,31352.0,248155.0,,,,,,,,,,,,,,,,,,,
1966-05-31,,,,31352.0,258677.0,,,,,,,,,,,,,,,,,,,
1966-06-30,,,,31352.0,250391.0,,,,,,,,,,,,,,,,,,,
1966-07-31,,,,31452.0,255121.0,,,,,,,,,,,,,,,,,,,
1966-08-31,,,,31452.0,255812.0,,,,,,,,,,,,,,,,,,,
1966-09-30,,,,31452.0,247632.0,,,,,,,,,,,,,,,,,,,
1966-10-31,,,,31452.0,258008.0,,,,,,,,,,,,,,,,,,,
1966-11-30,,,,31452.0,252825.0,,,,,,,,,,,,,,,,,,,
1966-12-31,,,,31452.0,263843.0,,,,,,,,,,,,,,,,,,,
1967-01-31,,,,31452.0,265577.0,,,,,,,,,,,,,,,,,,,
1967-02-28,,,,31452.0,241366.0,,,,,,,,,,,,,,,,,,,
1967-03-31,,,,31452.0,264854.0,,,,,,,,,,,,,,,,,,,
1967-04-30,,,,31452.0,254252.0,,,,,,,,,,,,,,,,,,,
1967-05-31,,,,31452.0,259923.0,,,,,,,,,,,,,,,,,,,
1967-06-30,,,,31452.0,256174.0,,,,,,,,,,,,,,,,,,,
1967-07-31,,,,31377.0,283776.0,,,,,,,,,,,,,,,,,,,
1967-08-31,,,,31377.0,292495.0,,,,,,,,,,,,,,,,,,,
1967-09-30,,,,31377.0,272845.0,,,,,,,,,,,,,,,,,,,
1967-10-31,,,,31377.0,278997.0,,,,,,,,,,,,,,,,,,,
1967-11-30,,,,31377.0,269348.0,,,,,,,,,,,,,,,,,,,
1967-12-31,,,,31377.0,276135.0,,,,,,,,,,,,,,,,,,,
1968-01-31,,,,31377.0,279868.0,,,,,,,,,,,,,,,,,,,
1968-02-29,,,,31377.0,270425.0,,,,,,,,,,,,,,,,,,,
1968-03-31,,,,31377.0,288882.0,,,,,,,,,,,,,,,,,,,
1968-04-30,,,,31377.0,273690.0,,,,,,,,,,,,,,,,,,,
1968-05-31,,,,31377.0,285355.0,,,,,,,,,,,,,,,,,,,
1968-06-30,,,,31377.0,274320.0,,,,,,,,,,,,,,,,,,,
1968-07-31,,,,30707.0,283836.0,,,,,,,,,,,,,,,,,,,
1968-08-31,,,,30707.0,283154.0,,,,,,,,,,,,,,,,,,,
1968-09-30,,,,30707.0,267960.0,,,,,,,,,,,,,,,,,,,
1968-10-31,,,,30707.0,276396.0,,,,,,,,,,,,,,,,,,,
1968-11-30,,,,30707.0,269070.0,,,,,,,,,,,,,,,,,,,
1968-12-31,,,,30707.0,276086.0,,,,,,,,,,,,,,,,,,,
1969-01-31,,,,30707.0,275528.0,,,,,,,,,,,,,,,,,,,
1969-02-28,,,,30707.0,249984.0,,,,,,,,,,,,,,,,,,,
1969-03-31,,,,30707.0,280705.0,,,,,,,,,,,,,,,,,,,
1969-04-30,,,,30707.0,277140.0,,,,,,,,,,,,,,,,,,,
1969-05-31,,,,30707.0,290036.0,,,,,,,,,,,,,,,,,,,
1969-06-30,,,,30707.0,288935.0,,,,,,,,,,,,,,,,,,,
1969-07-31,,,,29632.0,288145.0,,,,,,,,,,,,,,,,,,,
1969-08-31,,,,29632.0,281077.0,,,,,,,,,,,,,,,,,,,
1969-09-30,,,,29632.0,278850.0,,,,,,,,,,,,,,,,,,,
1969-10-31,,,,29632.0,285603.0,,,,,,,,,,,,,,,,,,,
1969-11-30,,,,29632.0,280380.0,,,,,,,,,,,,,,,,,,,
1969-12-31,,,,29632.0,295368.0,,,,,,,,,,,,,,,,,,,
1970-01-31,,,,29632.0,293818.0,,,,,,,,,,,,,,,,,,,
1970-02-28,,,,29632.0,267960.0,,,,,,,,,,,,,,,,,,,
1970-03-31,,,,29632.0,294748.0,,,,,,,,,,,,,,,,,,,
1970-04-30,,,,29632.0,287730.0,,,,,,,,,,,,,,,,,,,
1970-05-31,,,,29632.0,295213.0,,,,,,,,,,,,,,,,,,,
1970-06-30,,,,29632.0,280770.0,,,,,,,,,,,,,,,,,,,
1970-07-31,,,,39001.0,285274.0,,,,,,,,,,,,,,,,,,,
1970-08-31,,,,39001.0,296360.0,,,,,,,,,,,,,,,,,,,
1970-09-30,,,,39001.0,295590.0,,,,,,,,,,,,,,,,,,,
1970-10-31,,,,39001.0,310403.0,,,,,,,,,,,,,,,,,,,
1970-11-30,,,,39001.0,301320.0,,,,,,,,,,,,,,,,,,,
1970-12-31,,,,39001.0,308264.0,,,,,,,,,,,,,,,,,,,
1971-01-31,,,,39001.0,299305.0,,,,,,,,,,,,,,,,,,,
1971-02-28,,,,39001.0,272412.0,,,,,,,,,,,,,,,,,,,
1971-03-31,,,,39001.0,302808.0,,,,,,,,,,,,,,,,,,,
1971-04-30,,,,39001.0,293070.0,,,,,,,,,,,,,,,,,,,
1971-05-31,,,,39001.0,298995.0,,,,,,,,,,,,,,,,,,,
1971-06-30,,,,39001.0,288120.0,,,,,,,,,,,,,,,,,,,
1971-07-31,,,,38063.0,293121.0,,,,,,,,,,,,,,,,,,,
1971-08-31,,,,38063.0,291741.0,,,,,,,,,,,,,,,,,,,
1971-09-30,,,,38063.0,274050.0,,,,,,,,,,,,,,,,,,,
1971-10-31,,,,38063.0,284022.0,,,,,,,,,,,,,,,,,,,
1971-11-30,,,,38063.0,274170.0,,,,,,,,,,,,,,,,,,,
1971-12-31,,,,38063.0,282100.0,,,,,,,,,,,,,,,,,,,
1972-01-31,,,,38063.0,282534.0,,,,,,,,,,,,,,,,,,,
1972-02-29,,,,38063.0,270744.0,,,,,,,,,,,,,,,,,,,
1972-03-31,,,,38063.0,293322.0,,,,,,,,,,,,,,,,,,,
1972-04-30,,,,38063.0,285390.0,,,,,,,,,,,,,,,,,,,
1972-05-31,,,,38063.0,298034.0,,,,,,,,,,,,,,,,,,,
1972-06-30,,,,38063.0,285660.0,,,,,,,,,,,,,,,,,,,
1972-07-31,,,,36339.0,294376.0,,,,,,,,,,,,,,,,,,,
1972-08-31,,,,36339.0,293973.0,,,,,,,,,,,,,,,,,,,
1972-09-30,,,,36339.0,285240.0,,,,,,,,,,,,,,,,,,,
1972-10-31,,,,36339.0,293930.0,,,,,,,,,,,,,,,,,,,
1972-11-30,,,,36339.0,282780.0,,,,,,,,,,,,,,,,,,,
1972-12-31,,,,36339.0,289385.0,,,,,,,,,,,,,,,,,,,
1973-01-31,,,,36339.0,284454.0,1778.0,,,,,,,,,,,,,,,,,,
1973-02-28,,,,36339.0,263066.0,1792.0,,,,,,,,,,,,,,,,,,
1973-03-31,,,,36339.0,287430.0,1826.0,,,,,,,,,,,,,,,,,,
1973-04-30,,,,36339.0,278757.0,1787.0,,,,,,,,,,,,,,,,,,
1973-05-31,,,,36339.0,287134.0,1721.0,,,,,,,,,,,,,,,,,,
1973-06-30,,,,36339.0,276418.0,1889.0,,,,,,,,,,,,,,,,,,
1973-07-31,,,,35300.0,285731.0,1803.0,,,,,,,,,,,,,,,,,,
1973-08-31,,,,35300.0,284225.0,1799.0,,,,,,,,,,,,,,,,,,
1973-09-30,,,,35300.0,271959.0,1735.0,,,,,,,,,,,,,,,,,,
1973-10-31,,,,35300.0,285940.0,1802.0,,,,,,,,,,,,,,,,,,
1973-11-30,,,,35300.0,274829.0,1821.0,,,,,,,,,,,,,,,,,,
1973-12-31,,,,35300.0,280960.0,1825.0,,,,,,,,,,,,,,,,,,
1974-01-31,,,,35300.0,276950.0,1676.0,,,,,,,,,,,,,,,,,,
1974-02-28,,,,35300.0,255982.0,1675.0,,,,,,,,,,,,,,,,,,
1974-03-31,,,,35300.0,277927.0,1709.0,,,,,,,,,,,,,,,,,,
1974-04-30,,,,35300.0,268619.0,1644.0,,,,,,,,,,,,,,,,,,
1974-05-31,,,,35300.0,276228.0,1573.0,,,,,,,,,,,,,,,,,,
1974-06-30,,,,35300.0,263407.0,1528.0,,,,,,,,,,,,,,,,,,
1974-07-31,,,,32250.0,272184.0,1522.0,,,,,,,,,,,,,,,,,,
1974-08-31,,,,32250.0,269665.0,1493.0,,,,,,,,,,,,,,,,,,
1974-09-30,,,,32250.0,253288.0,1467.0,,,,,,,,,,,,,,,,,,
1974-10-31,,,,32250.0,266949.0,1451.0,,,,,,,,,,,,,,,,,,
1974-11-30,,,,32250.0,257064.0,1334.0,,,,,,,,,,,,,,,,,,
1974-12-31,,,,32250.0,264322.0,1544.0,,,,,,,,,,,,,,,,,,
1975-01-31,,,,32250.0,262104.0,1558.0,,,,,,,,,,,,,,,,,,
1975-02-28,,,,32250.0,240552.0,1469.0,,,,,,,,,,,,,,,,,,
1975-03-31,,,,32250.0,263297.0,1352.0,,,,,,,,,,,,,,,,,,
1975-04-30,,,,32250.0,253698.0,1197.0,,,,,,,,,,,,,,,,,,
1975-05-31,,,,32250.0,259742.0,1197.0,,,,,,,,,,,,,,,,,,
1975-06-30,,,,32250.0,252624.0,1468.0,,,,,,,,,,,,,,,,,,
1975-07-31,,,,32682.0,258408.0,1468.0,,,,,,,,,,,,,,,,,,
1975-08-31,,,,32682.0,255712.0,1472.0,,,,,,,,,,,,,,,,,,
1975-09-30,,,,32682.0,248389.0,1527.0,,,,,,,,,,,,,,,,,,
1975-10-31,,,,32682.0,258057.0,1434.0,,,,,,,,,,,,,,,,,,
1975-11-30,,,,32682.0,248336.0,1451.0,,,,,,,,,,,,,,,,,,
1975-12-31,,,,32682.0,255860.0,1571.0,,,,,,,,,,,,,,,,,,
1976-01-31,,,,32682.0,255185.0,1288.0,,,,,,,,,,,,,,,,,,
1976-02-29,,,,32682.0,238705.0,1217.0,,,,,,,,,,,,,,,,,,
1976-03-31,,,,32682.0,255198.0,1203.0,,,,,,,,,,,,,,,,,,
1976-04-30,,,,32682.0,242310.0,1117.0,,,,,,,,,,,,,,,,,,
1976-05-31,,,,32682.0,251860.0,1328.0,,,,,,,,,,,,,,,,,,
1976-06-30,,,,32682.0,242833.0,1451.0,,,,,,,,,,,,,,,,,,
1976-07-31,,,,30942.0,251942.0,1259.0,,,,,,,,,,,,,,,,,,
1976-08-31,,,,30942.0,251429.0,1244.0,,,,,,,,,,,,,,,,,,
1976-09-30,,,,30942.0,244489.0,1262.0,,,,,,,,,,,,,,,,,,
1976-10-31,,,,30942.0,249962.0,1360.0,,,,,,,,,,,,,,,,,,
1976-11-30,,,,30942.0,242388.0,1347.0,,,,,,,,,,,,,,,,,,
1976-12-31,,,,30942.0,249879.0,1683.0,,,,,,,,,,,,,,,,,,
1977-01-31,,,,30942.0,243478.0,1289.0,,,,,,,,,,,,,,,,,,
1977-02-28,,,,30942.0,227890.0,1348.0,,,,,,,,,,,,,,,,,,
1977-03-31,,,,30942.0,250778.0,1329.0,,,,,,,,,,,,,,,,,,
1977-04-30,,,,30942.0,244347.0,1223.0,,,,,,,,,,,,,,,,,,
1977-05-31,,,,30942.0,250317.0,1312.0,,,,,,,,,,,,,,,,,,
1977-06-30,,,,30942.0,243058.0,1411.0,,,,,,,,,,,,,,,,,,
1977-07-31,,,,31780.0,251244.0,1162.0,,,,,,,,,,,,,,,,,,
1977-08-31,,,,31780.0,257510.0,1325.0,,,,,,,,,,,,,,,,,,
1977-09-30,,,,31780.0,254392.0,1244.0,,,,,,,,,,,,,,,,,,
1977-10-31,,,,31780.0,265776.0,1242.0,,,,,,,,,,,,,,,,,,
1977-11-30,,,,31780.0,257378.0,1431.0,,,,,,,,,,,,,,,,,,
1977-12-31,,,,31780.0,263097.0,1541.0,,,,,,,,,,,,,,,,,,
1978-01-31,,,,31780.0,259150.0,1254.0,,,,,,,,,,,,,,,,,,
1978-02-28,,,,31780.0,234544.0,1338.0,,,,,,,,,,,,,,,,,,
1978-03-31,,,,31780.0,270324.0,1333.0,,,,,,,,,,,,,,,,,,
1978-04-30,,,,31780.0,264526.0,1124.0,,,,,,,,,,,,,,,,,,
1978-05-31,,,,31780.0,273583.0,1179.0,,,,,,,,,,,,,,,,,,
1978-06-30,,,,31780.0,264974.0,1524.0,,,,,,,,,,,,,,,,,,
1978-07-31,,,,31355.0,271442.0,1160.0,,,,,,,,,,,,,,,,,,
1978-08-31,,,,31355.0,271502.0,1283.0,,,,,,,,,,,,,,,,,,
1978-09-30,,,,31355.0,264010.0,1238.0,,,,,,,,,,,,,,,,,,
1978-10-31,,,,31355.0,273420.0,1363.0,,,,,,,,,,,,,,,,,,
1978-11-30,,,,31355.0,262233.0,1490.0,,,,,,,,,,,,,,,,,,
1978-12-31,,,,31355.0,268508.0,1512.0,,,,,,,,,,,,,,,,,,
1979-01-31,,,,31355.0,262716.0,1437.0,,,,,,,,,,,,,,,,,,
1979-02-28,,,,31355.0,238710.0,1559.0,,,,,,,,,,,,,,,,,,
1979-03-31,,,,31355.0,266635.0,1544.0,,,,,,,,,,,,,,,,,,
1979-04-30,,,,31355.0,256593.0,1499.0,,,,,,,,,,,,,,,,,,
1979-05-31,,,,31355.0,266631.0,1451.0,,,,,,,,,,,,,,,,,,
1979-06-30,,,,31355.0,252949.0,1516.0,,,,,,,,,,,,,,,,,,
1979-07-31,,,,29810.0,259278.0,1507.0,,,,,,,,,,,,,,,,,,
1979-08-31,,,,29810.0,264981.0,1438.0,,,,,,,,,,,,,,,,,,
1979-09-30,,,,29810.0,255693.0,1478.0,,,,,,,,,,,,,,,,,,
1979-10-31,,,,29810.0,267256.0,1534.0,,,,,,,,,,,,,,,,,,
1979-11-30,,,,29810.0,262818.0,1513.0,,,,,,,,,,,,,,,,,,
1979-12-31,,,,29810.0,267050.0,1532.0,,,,,,,,,,,,,,,,,,
1980-01-31,,,,29810.0,268940.0,,,,,,,,,,,,,,,,,,,
1980-02-29,,,,29810.0,252431.0,,,,,,,,,,,,,,,,,,,
1980-03-31,,,,29810.0,269650.0,,,,,,,,,,,,,,,,,,,
1980-04-30,,,,29810.0,260541.0,,,,,,,,,,,,,,,,,,,
1980-05-31,,,,29810.0,267684.0,,,,,,,,,,,,,,,,,,,
1980-06-30,,,,29810.0,256619.0,,,,,,,,,,,,,,,,,,,
1980-07-31,,,,29805.0,264964.0,,,,,,,,,,,,,,,,,,,
1980-08-31,,,,29805.0,260841.0,,,,,,,,,,,,,,,,,,,
1980-09-30,,,,29805.0,258577.0,,,,,,,,,,,,,,,,,,,
1980-10-31,,,,29805.0,264489.0,,,,,,,,,,,,,,,,,,,
1980-11-30,,,,29805.0,254852.0,,,,,,,,,,,,,,,,,,,
1980-12-31,,,,29805.0,266777.0,,,,,,,,,,,,,,,,,,,
1981-01-31,,,43.0,29805.0,264736.0,,,211651.0,0.0,0.0,0.0,0.0,0.0,0.0,17294.0,0.0,0.0,0.0,0.0,0.0,0.0,,,
1981-02-28,,,55.0,29805.0,240914.0,,,189623.0,0.0,0.0,0.0,0.0,0.0,0.0,15936.0,0.0,0.0,0.0,0.0,0.0,0.0,,,
1981-03-31,,,57.0,29805.0,267003.0,,,186874.0,0.0,0.0,0.0,0.0,0.0,0.0,18169.0,0.0,0.0,0.0,0.0,0.0,0.0,,,
1981-04-30,,,59.0,29805.0,256708.0,,,170038.0,0.0,0.0,0.0,0.0,0.0,0.0,17093.0,0.0,0.0,0.0,0.0,0.0,0.0,,,
1981-05-31,,,59.0,29805.0,263541.0,,,179033.0,0.0,0.0,0.0,0.0,0.0,0.0,18448.0,0.0,0.0,0.0,0.0,0.0,0.0,,,
1981-06-30,,,59.0,29805.0,258859.0,,,163061.0,0.0,0.0,0.0,0.0,0.0,0.0,12611.0,0.0,0.0,0.0,0.0,0.0,0.0,,,
1981-07-31,,,59.0,29426.0,263498.0,,,180306.0,0.0,0.0,0.0,0.0,0.0,0.0,17713.0,0.0,0.0,0.0,0.0,0.0,0.0,,,
1981-08-31,,,59.0,29426.0,266069.0,,,178783.0,0.0,0.0,0.0,0.0,0.0,0.0,19961.0,0.0,0.0,0.0,0.0,0.0,0.0,,,
1981-09-30,,,61.0,29426.0,258120.0,,,190939.0,0.0,0.0,0.0,0.0,0.0,0.0,15578.0,0.0,0.0,0.0,0.0,0.0,0.0,,,
1981-10-31,,,62.0,29426.0,265450.0,,,184739.0,0.0,0.0,0.0,0.0,0.0,0.0,22876.0,0.0,0.0,0.0,0.0,0.0,0.0,,,
1981-11-30,,,64.0,29426.0,257579.0,,,172239.0,0.0,0.0,0.0,0.0,0.0,0.0,21023.0,0.0,0.0,0.0,0.0,0.0,0.0,,,
1981-12-31,,,63.0,29426.0,266147.0,,,181133.0,0.0,0.0,0.0,0.0,0.0,0.0,20322.0,0.0,0.0,0.0,0.0,0.0,0.0,,,
1982-01-31,,,63.0,29426.0,263793.0,,,165300.0,0.0,0.0,0.0,0.0,0.0,0.0,25693.0,0.0,0.0,0.0,0.0,0.0,0.0,,,
1982-02-28,,,64.0,29426.0,243661.0,,,134588.0,0.0,0.0,0.0,0.0,0.0,0.0,22507.0,0.0,0.0,0.0,0.0,0.0,0.0,,,
1982-03-31,,,63.0,29426.0,268687.0,,,139009.0,0.0,0.0,0.0,0.0,0.0,0.0,27343.0,0.0,0.0,0.0,0.0,0.0,0.0,,,
1982-04-30,,,65.0,29426.0,257738.0,,,131341.0,0.0,0.0,0.0,0.0,0.0,0.0,23565.0,0.0,0.0,0.0,0.0,0.0,0.0,,,
1982-05-31,,,62.0,29426.0,269186.0,,,149155.0,0.0,0.0,0.0,0.0,0.0,0.0,24908.0,0.0,0.0,0.0,0.0,0.0,0.0,,,
1982-06-30,,,60.0,29426.0,259383.0,,,159813.0,0.0,0.0,0.0,0.0,0.0,0.0,21093.0,0.0,0.0,0.0,0.0,0.0,0.0,,,
1982-07-31,,,60.0,27858.0,268398.0,,,182581.0,0.0,0.0,0.0,0.0,0.0,0.0,22972.0,0.0,0.0,0.0,0.0,0.0,0.0,,,
1982-08-31,,,57.0,27858.0,267643.0,,,162557.0,0.0,0.0,0.0,0.0,0.0,0.0,26586.0,0.0,0.0,0.0,0.0,0.0,0.0,,,
1982-09-30,,,56.0,27858.0,261028.0,,,162429.0,0.0,0.0,0.0,0.0,0.0,0.0,23717.0,0.0,0.0,0.0,0.0,0.0,0.0,,,
1982-10-31,,,51.0,27858.0,269745.0,,,164483.0,0.0,0.0,0.0,0.0,0.0,0.0,28890.0,0.0,0.0,0.0,0.0,0.0,0.0,,,
1982-11-30,,,50.0,27858.0,260918.0,,,172330.0,0.0,0.0,0.0,0.0,0.0,0.0,23582.0,0.0,0.0,0.0,0.0,0.0,0.0,,,
1982-12-31,,,52.0,27858.0,266535.0,,,142772.0,0.0,0.0,0.0,0.0,0.0,0.0,26657.0,0.0,0.0,0.0,0.0,0.0,0.0,,,
1983-01-31,,,71.0,27858.0,269604.0,,,137570.0,0.0,0.0,0.0,0.0,0.0,0.0,30174.0,0.0,0.0,0.0,0.0,0.0,0.0,,,
1983-02-28,,,71.0,27858.0,245237.0,,,104328.0,0.0,0.0,0.0,0.0,0.0,0.0,24230.0,0.0,0.0,0.0,0.0,0.0,0.0,,,
1983-03-31,,,70.0,27858.0,269706.0,,,114375.0,0.0,0.0,0.0,0.0,0.0,0.0,24824.0,0.0,0.0,0.0,0.0,0.0,0.0,,,
1983-04-30,,,68.0,27858.0,263269.0,,,141812.0,0.0,0.0,0.0,0.0,0.0,0.0,24272.0,0.0,0.0,0.0,0.0,0.0,0.0,,,
1983-05-31,,,63.0,27858.0,267575.0,,,157761.0,0.0,0.0,0.0,0.0,0.0,0.0,26297.0,0.0,0.0,0.0,0.0,0.0,0.0,,,
1983-06-30,,,64.0,27858.0,260014.0,,,159786.0,0.0,0.0,0.0,0.0,0.0,0.0,23221.0,0.0,0.0,0.0,0.0,0.0,0.0,,,
1983-07-31,,,65.0,27735.0,267717.0,,,177966.0,0.0,0.0,0.0,0.0,0.0,0.0,17711.0,0.0,0.0,0.0,0.0,0.0,0.0,,,
1983-08-31,,,64.0,27735.0,269053.0,,,190940.0,0.0,0.0,0.0,0.0,0.0,0.0,20558.0,0.0,0.0,0.0,0.0,0.0,0.0,,,
1983-09-30,,,66.0,27735.0,263530.0,,,183883.0,0.0,0.0,0.0,0.0,0.0,0.0,20531.0,0.0,0.0,0.0,0.0,0.0,0.0,,,
1983-10-31,,,63.0,27735.0,271890.0,,,163007.0,0.0,0.0,0.0,0.0,0.0,0.0,17853.0,0.0,0.0,0.0,0.0,0.0,0.0,,,
1983-11-30,,,64.0,27735.0,263111.0,,,156297.0,0.0,0.0,0.0,0.0,0.0,0.0,20379.0,0.0,0.0,0.0,0.0,0.0,0.0,,,
1983-12-31,,,67.0,27735.0,260293.0,,,156018.0,0.0,0.0,0.0,0.0,0.0,0.0,19803.0,0.0,0.0,0.0,0.0,0.0,0.0,,,
1984-01-31,,,64.0,27735.0,274902.0,1303.0,,168332.0,0.0,0.0,0.0,0.0,0.0,0.0,17832.0,0.0,0.0,0.0,0.0,0.0,0.0,,,
1984-02-29,,,65.0,27735.0,257357.0,1303.0,,165090.0,0.0,0.0,0.0,0.0,0.0,0.0,16874.0,0.0,0.0,0.0,0.0,0.0,0.0,,,
1984-03-31,,,62.0,27735.0,268829.0,1303.0,,164337.0,0.0,0.0,0.0,0.0,0.0,0.0,26044.0,0.0,0.0,0.0,0.0,0.0,0.0,,,
1984-04-30,,,64.0,27735.0,265872.0,1303.0,,161169.0,0.0,0.0,0.0,0.0,0.0,0.0,19651.0,0.0,0.0,0.0,0.0,0.0,0.0,,,
1984-05-31,,,62.0,27735.0,277616.0,1303.0,,185337.0,0.0,0.0,0.0,0.0,0.0,0.0,23756.0,0.0,0.0,0.0,0.0,0.0,0.0,,,
1984-06-30,,,61.0,27735.0,265570.0,1303.0,,164466.0,0.0,0.0,0.0,0.0,0.0,0.0,25924.0,0.0,0.0,0.0,0.0,0.0,0.0,,,
1984-07-31,,,60.0,28446.0,275432.0,1303.0,,167624.0,0.0,0.0,0.0,0.0,0.0,0.0,16626.0,0.0,0.0,0.0,0.0,0.0,0.0,,,
1984-08-31,,,63.0,28446.0,273091.0,1303.0,,156373.0,0.0,0.0,0.0,0.0,0.0,0.0,22691.0,0.0,0.0,0.0,0.0,0.0,0.0,,,
1984-09-30,,,66.0,28446.0,269798.0,1303.0,,157547.0,0.0,0.0,0.0,0.0,0.0,0.0,19915.0,0.0,0.0,0.0,0.0,0.0,0.0,,,
1984-10-31,,,69.0,28446.0,276075.0,1303.0,,179144.0,0.0,0.0,0.0,0.0,0.0,0.0,18582.0,0.0,0.0,0.0,0.0,0.0,0.0,,,
1984-11-30,,,62.0,28446.0,269357.0,1303.0,,167606.0,0.0,0.0,0.0,0.0,0.0,0.0,25626.0,0.0,0.0,0.0,0.0,0.0,0.0,,,
1984-12-31,,,64.0,28446.0,275797.0,1303.0,,152910.0,0.0,0.0,0.0,0.0,0.0,0.0,30557.0,0.0,0.0,0.0,0.0,0.0,0.0,,,
1985-01-31,,,63.0,28446.0,270926.0,1301.0,,136866.0,0.0,0.0,0.0,0.0,0.0,0.0,24544.0,0.0,0.0,0.0,0.0,0.0,0.0,,,
1985-02-28,,,63.0,28446.0,252695.0,1301.0,,109568.0,0.0,0.0,0.0,0.0,0.0,0.0,23993.0,0.0,0.0,0.0,0.0,0.0,0.0,,,
1985-03-31,,,69.0,28446.0,281943.0,1301.0,,144861.0,0.0,0.0,0.0,0.0,0.0,0.0,21499.0,0.0,0.0,0.0,0.0,0.0,0.0,,,
1985-04-30,,,67.0,28446.0,271299.0,1301.0,,159483.0,0.0,0.0,0.0,0.0,0.0,0.0,22905.0,0.0,0.0,0.0,0.0,0.0,0.0,,,
1985-05-31,,,65.0,28446.0,283093.0,1301.0,,179065.0,0.0,0.0,0.0,0.0,0.0,0.0,21867.0,0.0,0.0,0.0,0.0,0.0,0.0,,,
1985-06-30,,,56.0,28446.0,270653.0,1301.0,,147878.0,0.0,0.0,0.0,0.0,0.0,0.0,20762.0,0.0,0.0,0.0,0.0,0.0,0.0,,,
1985-07-31,,,55.0,28416.0,277410.0,1301.0,,153437.0,0.0,0.0,0.0,0.0,0.0,0.0,20932.0,0.0,0.0,0.0,0.0,0.0,0.0,,,
1985-08-31,,,55.0,28416.0,272881.0,1301.0,,146248.0,0.0,0.0,0.0,0.0,0.0,0.0,23212.0,0.0,0.0,0.0,0.0,0.0,0.0,,,
1985-09-30,,,55.0,28416.0,268610.0,1301.0,,149113.0,0.0,0.0,0.0,0.0,0.0,0.0,24180.0,0.0,0.0,0.0,0.0,0.0,0.0,,,
1985-10-31,,,55.0,28416.0,278068.0,1301.0,,158754.0,0.0,0.0,0.0,0.0,0.0,0.0,21397.0,0.0,0.0,0.0,0.0,0.0,0.0,,,
1985-11-30,,,59.0,28416.0,267059.0,1301.0,,183483.0,0.0,0.0,0.0,0.0,0.0,0.0,31093.0,0.0,0.0,0.0,0.0,0.0,0.0,,,
1985-12-31,,,63.0,28416.0,279916.0,1301.0,,180750.0,0.0,0.0,0.0,0.0,0.0,0.0,28684.0,0.0,0.0,0.0,0.0,0.0,0.0,,,
1986-01-31,,,57.0,28416.0,283248.0,1348.0,,172754.0,0.0,0.0,0.0,0.0,0.0,0.0,26620.0,0.0,0.0,0.0,0.0,0.0,0.0,,,
1986-02-28,,,56.0,28416.0,256855.0,1280.0,,130941.0,0.0,0.0,0.0,0.0,0.0,0.0,24529.0,0.0,0.0,0.0,0.0,0.0,0.0,,,
1986-03-31,,,52.0,28416.0,279413.0,1225.0,,146074.0,0.0,0.0,0.0,0.0,0.0,0.0,22684.0,0.0,0.0,0.0,0.0,0.0,0.0,,,
1986-04-30,,,51.0,28416.0,265917.0,1185.0,,163183.0,0.0,0.0,0.0,0.0,0.0,0.0,25500.0,0.0,0.0,0.0,0.0,0.0,0.0,,,
1986-05-31,,,49.0,28416.0,273964.0,1232.0,,198397.0,0.0,0.0,0.0,0.0,0.0,0.0,22432.0,0.0,0.0,0.0,0.0,0.0,0.0,,,
1986-06-30,,,52.0,28416.0,258700.0,1336.0,,205436.0,0.0,0.0,0.0,0.0,0.0,0.0,19246.0,0.0,0.0,0.0,0.0,0.0,0.0,,,
1986-07-31,,,51.0,26889.0,268448.0,1328.0,,215191.0,0.0,0.0,0.0,0.0,0.0,0.0,21245.0,0.0,0.0,0.0,0.0,0.0,0.0,,,
1986-08-31,,,48.0,26889.0,259580.0,1332.0,,222210.0,0.0,0.0,0.0,0.0,0.0,0.0,26903.0,0.0,0.0,0.0,0.0,0.0,0.0,,,
1986-09-30,,,45.0,26889.0,249843.0,1357.0,,212690.0,0.0,0.0,0.0,0.0,0.0,0.0,21428.0,0.0,0.0,0.0,0.0,0.0,0.0,,,
1986-10-31,,,41.0,26889.0,260984.0,1328.0,,199241.0,0.0,0.0,0.0,0.0,0.0,0.0,25747.0,0.0,0.0,0.0,0.0,0.0,0.0,,,
1986-11-30,,,41.0,26889.0,252374.0,1240.0,,197753.0,0.0,0.0,0.0,0.0,0.0,0.0,24622.0,0.0,0.0,0.0,0.0,0.0,0.0,,,
1986-12-31,,,42.0,26889.0,258926.0,1242.0,,207712.0,0.0,0.0,0.0,0.0,0.0,0.0,25415.0,0.0,0.0,0.0,0.0,0.0,0.0,,,
1987-01-31,,,41.0,26889.0,262888.0,1265.0,,196948.0,0.0,0.0,0.0,0.0,0.0,0.0,21791.0,0.0,0.0,0.0,0.0,0.0,0.0,,,
1987-02-28,,,41.0,26889.0,234880.0,1245.0,,167565.0,0.0,0.0,0.0,0.0,0.0,0.0,27358.0,0.0,0.0,0.0,0.0,0.0,0.0,,,
1987-03-31,,,39.0,26889.0,262398.0,1277.0,,179612.0,0.0,0.0,0.0,0.0,0.0,0.0,22316.0,0.0,0.0,0.0,0.0,0.0,0.0,,,
1987-04-30,,,41.0,26889.0,254945.0,1289.0,,177335.0,0.0,0.0,0.0,0.0,0.0,0.0,26115.0,0.0,0.0,0.0,0.0,0.0,0.0,,,
1987-05-31,,,42.0,26889.0,258426.0,1276.0,,188251.0,0.0,0.0,0.0,0.0,0.0,0.0,20640.0,0.0,0.0,0.0,0.0,0.0,0.0,,,
1987-06-30,,,36.0,26889.0,248356.0,1351.0,,203061.0,0.0,0.0,0.0,0.0,0.0,0.0,20078.0,0.0,0.0,0.0,0.0,0.0,0.0,,,
1987-07-31,,,32.0,27256.0,255782.0,1386.0,,235219.0,0.0,0.0,0.0,0.0,0.0,0.0,21085.0,0.0,0.0,0.0,0.0,0.0,0.0,,,
1987-08-31,,,31.0,27256.0,254508.0,1407.0,,231066.0,0.0,0.0,0.0,0.0,0.0,0.0,20586.0,0.0,0.0,0.0,0.0,0.0,0.0,,,
1987-09-30,,,28.0,27256.0,246163.0,1414.0,,215339.0,0.0,0.0,0.0,0.0,0.0,0.0,23865.0,0.0,0.0,0.0,0.0,0.0,0.0,,,
1987-10-31,,,25.0,27256.0,259272.0,1436.0,,219093.0,0.0,0.0,0.0,0.0,0.0,0.0,20016.0,0.0,0.0,0.0,0.0,0.0,0.0,,,
1987-11-30,,,25.0,27256.0,251915.0,1444.0,,212031.0,0.0,0.0,0.0,0.0,0.0,0.0,22105.0,0.0,0.0,0.0,0.0,0.0,0.0,,,
1987-12-31,,,31.0,27256.0,257844.0,1449.0,,211838.0,0.0,0.0,0.0,0.0,0.0,0.0,32777.0,0.0,0.0,0.0,0.0,0.0,0.0,,,
1988-01-31,,,45.0,27256.0,255743.0,1412.0,,222611.0,0.0,0.0,0.0,0.0,0.0,0.0,27436.0,0.0,0.0,0.0,0.0,0.0,0.0,,,
1988-02-29,,,52.0,27256.0,242848.0,1425.0,,210419.0,0.0,0.0,0.0,0.0,0.0,0.0,25053.0,0.0,0.0,0.0,0.0,0.0,0.0,,,
1988-03-31,,,52.0,27256.0,259587.0,1421.0,,215274.0,0.0,0.0,0.0,0.0,0.0,0.0,25865.0,0.0,0.0,0.0,0.0,0.0,0.0,,,
1988-04-30,,,42.0,27256.0,248629.0,1397.0,,218111.0,0.0,0.0,0.0,0.0,0.0,0.0,20279.0,0.0,0.0,0.0,0.0,0.0,0.0,,,
1988-05-31,,,34.0,27256.0,255089.0,1389.0,,231533.0,0.0,0.0,0.0,0.0,0.0,0.0,25229.0,0.0,0.0,0.0,0.0,0.0,0.0,,,
1988-06-30,,,32.0,27256.0,245102.0,1399.0,,217167.0,0.0,0.0,0.0,0.0,0.0,0.0,28135.0,0.0,0.0,0.0,0.0,0.0,0.0,,,
1988-07-31,,,29.0,26825.0,249229.0,1420.0,,226204.0,0.0,0.0,0.0,0.0,0.0,0.0,25604.0,0.0,0.0,0.0,0.0,0.0,0.0,,,
1988-08-31,,,30.0,26825.0,250459.0,1432.0,,228957.0,0.0,0.0,0.0,0.0,0.0,0.0,25219.0,0.0,0.0,0.0,0.0,0.0,0.0,,,
1988-09-30,,,37.0,26825.0,236847.0,1413.0,,225169.0,0.0,0.0,0.0,0.0,0.0,0.0,20178.0,0.0,0.0,0.0,0.0,0.0,0.0,,,
1988-10-31,,,42.0,26825.0,248704.0,1402.0,,242728.0,0.0,0.0,0.0,0.0,0.0,0.0,22703.0,0.0,0.0,0.0,0.0,0.0,0.0,,,
1988-11-30,,,44.0,26825.0,240700.0,1423.0,,231425.0,0.0,0.0,0.0,0.0,0.0,0.0,21508.0,0.0,0.0,0.0,0.0,0.0,0.0,,,
1988-12-31,,,44.0,26825.0,246189.0,1405.0,,239541.0,0.0,0.0,0.0,0.0,0.0,0.0,31256.0,0.0,0.0,0.0,0.0,0.0,0.0,,,
1989-01-31,,,47.0,26825.0,246056.0,1382.0,,255904.0,0.0,0.0,0.0,0.0,0.0,0.0,23579.0,0.0,0.0,0.0,0.0,0.0,0.0,,,
1989-02-28,,,48.0,26825.0,218076.0,1368.0,,224882.0,0.0,0.0,0.0,0.0,0.0,0.0,24494.0,0.0,0.0,0.0,0.0,0.0,0.0,,,
1989-03-31,,,45.0,26825.0,234822.0,1380.0,,231140.0,0.0,0.0,0.0,0.0,0.0,0.0,26663.0,0.0,0.0,0.0,0.0,0.0,0.0,,,
1989-04-30,,,23.0,26825.0,233147.0,1339.0,,242335.0,0.0,0.0,0.0,0.0,0.0,0.0,24296.0,0.0,0.0,0.0,0.0,0.0,0.0,,,
1989-05-31,,,19.0,26825.0,242303.0,1305.0,,241114.0,0.0,0.0,0.0,0.0,0.0,0.0,24536.0,0.0,0.0,0.0,0.0,0.0,0.0,,,
1989-06-30,,,20.0,26825.0,228731.0,1355.0,,239318.0,0.0,0.0,0.0,0.0,0.0,0.0,29246.0,0.0,0.0,0.0,0.0,0.0,0.0,,,
1989-07-31,,,19.0,26501.0,230766.0,1359.0,,259439.0,0.0,0.0,0.0,0.0,0.0,0.0,24183.0,0.0,0.0,0.0,0.0,0.0,0.0,,,
1989-08-31,,,17.0,26501.0,233878.0,1353.0,,265360.0,0.0,0.0,0.0,0.0,0.0,0.0,29962.0,0.0,0.0,0.0,0.0,0.0,0.0,,,
1989-09-30,,,18.0,26501.0,226436.0,1347.0,,240070.0,0.0,0.0,0.0,0.0,0.0,0.0,19664.0,0.0,0.0,0.0,0.0,0.0,0.0,,,
1989-10-31,,,21.0,26501.0,231036.0,1330.0,,257344.0,0.0,0.0,0.0,0.0,0.0,0.0,24514.0,0.0,0.0,0.0,0.0,0.0,0.0,,,
1989-11-30,,,25.0,26501.0,226082.0,1354.0,,250231.0,0.0,0.0,0.0,0.0,0.0,0.0,29239.0,0.0,0.0,0.0,0.0,0.0,0.0,,,
1989-12-31,,,33.0,26501.0,227439.0,1357.0,,234962.0,0.0,0.0,0.0,0.0,0.0,0.0,33083.0,0.0,0.0,0.0,0.0,0.0,0.0,,,
1990-01-31,,,40.0,26501.0,233931.0,1362.0,,285117.0,0.0,0.0,0.0,0.0,0.0,0.0,21988.0,0.0,0.0,0.0,0.0,0.0,0.0,,,
1990-02-28,,,36.0,26501.0,209923.0,1358.0,,235178.0,0.0,0.0,0.0,0.0,0.0,0.0,23016.0,0.0,0.0,0.0,0.0,0.0,0.0,,,
1990-03-31,,,24.0,26501.0,230434.0,1359.0,,246903.0,0.0,0.0,0.0,0.0,0.0,0.0,27284.0,0.0,0.0,0.0,0.0,0.0,0.0,,,
1990-04-30,,,24.0,26501.0,222215.0,1296.0,,235730.0,0.0,0.0,0.0,0.0,0.0,0.0,22821.0,0.0,0.0,0.0,0.0,0.0,0.0,,,
1990-05-31,,,30.0,26501.0,227179.0,1266.0,,273853.0,0.0,0.0,0.0,0.0,0.0,0.0,21382.0,0.0,0.0,0.0,0.0,0.0,0.0,,,
1990-06-30,,,29.0,26501.0,213175.0,1323.0,,262406.0,0.0,0.0,0.0,0.0,0.0,0.0,24097.0,0.0,0.0,0.0,0.0,0.0,0.0,,,
1990-07-31,,,31.0,26254.0,222371.0,1342.0,,280496.0,0.0,0.0,0.0,0.0,0.0,0.0,21563.0,0.0,0.0,0.0,0.0,0.0,0.0,,,
1990-08-31,,,18.0,26254.0,225886.0,1350.0,,267959.0,0.0,0.0,0.0,0.0,0.0,0.0,26340.0,0.0,0.0,0.0,0.0,0.0,0.0,,,
1990-09-30,,,14.0,26254.0,216715.0,1356.0,,220840.0,0.0,0.0,0.0,0.0,0.0,0.0,25405.0,0.0,0.0,0.0,0.0,0.0,0.0,,,
1990-10-31,,,15.0,26254.0,233799.0,1376.0,,208219.0,0.0,0.0,0.0,0.0,0.0,0.0,29408.0,0.0,0.0,0.0,0.0,0.0,0.0,,,
1990-11-30,,,13.0,26254.0,221598.0,1371.0,,210083.0,0.0,0.0,0.0,0.0,0.0,0.0,32557.0,0.0,0.0,0.0,0.0,0.0,0.0,,,
1990-12-31,,,15.0,26254.0,227463.0,1351.0,,199611.0,0.0,0.0,0.0,0.0,0.0,0.0,36810.0,0.0,0.0,0.0,0.0,0.0,0.0,,,
1991-01-31,,,23.0,26254.0,232498.0,1351.0,,220205.0,0.0,0.0,0.0,0.0,0.0,0.0,37169.0,0.0,0.0,0.0,0.0,0.0,0.0,,,
1991-02-28,,,17.0,26254.0,213836.0,1393.0,,192230.0,0.0,0.0,0.0,0.0,0.0,0.0,40345.0,0.0,0.0,0.0,0.0,0.0,0.0,,,
1991-03-31,,,18.0,26254.0,233926.0,1324.0,,206031.0,0.0,0.0,0.0,0.0,0.0,0.0,29254.0,0.0,0.0,0.0,0.0,0.0,0.0,,,
1991-04-30,,,21.0,26254.0,225256.0,1282.0,,222527.0,0.0,0.0,0.0,0.0,0.0,0.0,22122.0,0.0,0.0,0.0,0.0,0.0,0.0,,,
1991-05-31,,,15.0,26254.0,229670.0,1270.0,,264066.0,0.0,0.0,0.0,0.0,0.0,0.0,35633.0,0.0,0.0,0.0,0.0,0.0,0.0,,,
1991-06-30,,,16.0,26254.0,219610.0,1282.0,,247339.0,0.0,0.0,0.0,0.0,0.0,0.0,27644.0,0.0,0.0,0.0,0.0,0.0,0.0,,,
1991-07-31,,,15.0,24682.0,227756.0,1328.0,,240418.0,0.0,0.0,0.0,0.0,0.0,0.0,29841.0,0.0,0.0,0.0,0.0,0.0,0.0,,,
1991-08-31,,,13.0,24682.0,226801.0,1320.0,,268759.0,0.0,0.0,0.0,0.0,0.0,0.0,25958.0,0.0,0.0,0.0,0.0,0.0,0.0,,,
1991-09-30,,,16.0,24682.0,221029.0,1330.0,,234793.0,0.0,0.0,0.0,0.0,0.0,0.0,23540.0,0.0,0.0,0.0,0.0,0.0,0.0,,,
1991-10-31,,,22.0,24682.0,230557.0,1287.0,,231491.0,0.0,0.0,0.0,0.0,0.0,0.0,28451.0,0.0,0.0,0.0,0.0,0.0,0.0,,,
1991-11-30,,,22.0,24682.0,219833.0,1339.0,,228454.0,0.0,0.0,0.0,0.0,0.0,0.0,27769.0,0.0,0.0,0.0,0.0,0.0,0.0,,,
1991-12-31,,,23.0,24682.0,226267.0,1320.0,,227450.0,0.0,0.0,0.0,0.0,0.0,0.0,37616.0,0.0,0.0,0.0,0.0,0.0,0.0,,,
1992-01-31,,,26.0,24682.0,228178.0,1340.0,,239074.0,0.0,0.0,0.0,0.0,0.0,0.0,35458.0,0.0,0.0,0.0,0.0,0.0,0.0,,,
1992-02-29,,,17.0,24682.0,214269.0,1404.0,,197981.0,0.0,0.0,0.0,0.0,0.0,0.0,24696.0,0.0,0.0,0.0,0.0,0.0,0.0,,,
1992-03-31,,,18.0,24682.0,227798.0,1365.0,,219109.0,0.0,0.0,0.0,0.0,0.0,0.0,28274.0,0.0,0.0,0.0,0.0,0.0,0.0,,,
1992-04-30,,,11.0,24682.0,218775.0,1356.0,,242764.0,0.0,0.0,0.0,0.0,0.0,0.0,28116.0,0.0,0.0,0.0,0.0,0.0,0.0,,,
1992-05-31,,,10.0,24682.0,222227.0,1316.0,,242528.0,0.0,0.0,0.0,0.0,0.0,0.0,27431.0,0.0,0.0,0.0,0.0,0.0,0.0,,,
1992-06-30,,,12.0,24682.0,215019.0,1333.0,,238385.0,0.0,0.0,0.0,0.0,0.0,0.0,28712.0,0.0,0.0,0.0,0.0,0.0,0.0,,,
1992-07-31,,,9.0,23745.0,221064.0,1391.0,,262858.0,0.0,0.0,0.0,0.0,0.0,0.0,28810.0,0.0,0.0,0.0,0.0,0.0,0.0,,,
1992-08-31,,,8.0,23745.0,214575.0,1412.0,,256049.0,0.0,0.0,0.0,0.0,0.0,0.0,24467.0,0.0,0.0,0.0,0.0,0.0,0.0,,,
1992-09-30,,,11.0,23745.0,210904.0,1393.0,,245325.0,0.0,0.0,0.0,0.0,0.0,0.0,25428.0,0.0,0.0,0.0,0.0,0.0,0.0,,,
1992-10-31,,,10.0,23745.0,220898.0,1401.0,,263660.0,0.0,0.0,0.0,0.0,0.0,0.0,27975.0,0.0,0.0,0.0,0.0,0.0,0.0,,,
1992-11-30,,,10.0,23745.0,210724.0,1374.0,,236161.0,0.0,0.0,0.0,0.0,0.0,0.0,29864.0,0.0,0.0,0.0,0.0,0.0,0.0,,,
1992-12-31,,,12.0,23745.0,220200.0,1312.0,,243003.0,0.0,0.0,0.0,0.0,0.0,0.0,38353.0,0.0,0.0,0.0,0.0,0.0,0.0,,,
1993-01-31,,,10.0,23745.0,215791.0,1367.0,3058.0,248124.0,43611.0,61862.0,53345.0,14910.0,61589.0,1.0,35177.0,13174.0,4791.0,52.0,8798.0,1239.0,577.0,,,
1993-02-28,,,10.0,23745.0,194393.0,1396.0,3064.0,222545.0,49105.0,56878.0,41671.0,8759.0,56013.0,0.0,28924.0,7393.0,6119.0,49.0,7715.0,1243.0,580.0,,,
1993-03-31,,,11.0,23745.0,216198.0,1415.0,3084.0,256833.0,55361.0,63862.0,45228.0,17975.0,62213.0,0.0,30062.0,10424.0,3276.0,479.0,8733.0,1169.0,382.0,,,
1993-04-30,,,9.0,23745.0,206439.0,1395.0,3120.0,263054.0,54988.0,64098.0,50261.0,21345.0,59323.0,0.0,32016.0,12322.0,5788.0,243.0,8329.0,1402.0,133.0,,,
1993-05-31,,,10.0,23745.0,212255.0,1387.0,3129.0,268539.0,48169.0,62767.0,47308.0,28343.0,65774.0,407.0,33540.0,11828.0,3563.0,303.0,8179.0,1964.0,531.0,,,
1993-06-30,,,8.0,23745.0,203842.0,1445.0,3130.0,264149.0,48374.0,60803.0,47288.0,22230.0,65638.0,1031.0,26986.0,6909.0,3577.0,78.0,8387.0,1305.0,635.0,,,
1993-07-31,,,9.0,22957.0,207339.0,1435.0,3105.0,285782.0,61244.0,56758.0,53794.0,21126.0,71929.0,1253.0,31024.0,10277.0,5769.0,1.0,9490.0,1560.0,446.0,,,
1993-08-31,,,8.0,22957.0,209492.0,1499.0,3098.0,261313.0,43574.0,57306.0,52752.0,20951.0,68221.0,1022.0,25709.0,7337.0,5053.0,311.0,7600.0,1536.0,198.0,,,
1993-09-30,,,8.0,22957.0,201347.0,1485.0,3145.0,255938.0,42793.0,61693.0,49700.0,17134.0,70652.0,0.0,27057.0,8767.0,4530.0,306.0,6795.0,1092.0,233.0,,,
1993-10-31,,,10.0,22957.0,212003.0,1467.0,3186.0,285103.0,53888.0,62318.0,51181.0,18351.0,77672.0,1640.0,27320.0,9623.0,4269.0,78.0,6553.0,1222.0,1272.0,,,
1993-11-30,,,10.0,22957.0,207349.0,1429.0,3189.0,267094.0,42473.0,61289.0,50398.0,18369.0,73442.0,0.0,29403.0,11618.0,4890.0,6.0,7605.0,1096.0,331.0,,,
1993-12-31,,,16.0,22957.0,212585.0,1430.0,3206.0,267980.0,43572.0,67899.0,45676.0,19854.0,71184.0,1639.0,38758.0,14007.0,9081.0,28.0,8949.0,1838.0,1159.0,,,
1994-01-31,,,10.0,22957.0,211320.0,1441.0,3186.0,247773.0,35640.0,61254.0,48966.0,12717.0,72252.0,362.0,28736.0,10146.0,5286.0,95.0,7372.0,1455.0,186.0,,,
1994-02-28,,,12.0,22957.0,189569.0,1456.0,3155.0,239093.0,39922.0,48840.0,43162.0,19897.0,70360.0,0.0,24690.0,8108.0,3431.0,0.0,6656.0,724.0,817.0,,,
1994-03-31,,,10.0,22957.0,209114.0,1482.0,3135.0,265808.0,36489.0,59345.0,49153.0,23636.0,77926.0,343.0,29020.0,7944.0,7139.0,142.0,8787.0,1121.0,707.0,,,
1994-04-30,,,9.0,22957.0,198363.0,1502.0,3158.0,269052.0,47071.0,62686.0,50739.0,24484.0,68873.0,0.0,26044.0,8774.0,4099.0,23.0,6734.0,1994.0,46.0,,,
1994-05-31,,,9.0,22957.0,207334.0,1478.0,3132.0,285609.0,50907.0,66452.0,53286.0,25262.0,70059.0,995.0,28811.0,9241.0,3960.0,28.0,8674.0,1484.0,1535.0,,,
1994-06-30,,,7.0,22957.0,198318.0,1461.0,3104.0,279153.0,47717.0,56987.0,51816.0,27667.0,70991.0,320.0,26024.0,8503.0,2932.0,21.0,8534.0,1512.0,419.0,,,
1994-07-31,,,8.0,22457.0,201527.0,1508.0,3128.0,303145.0,50448.0,70447.0,50481.0,35173.0,69753.0,1350.0,27196.0,5710.0,6333.0,81.0,9472.0,1611.0,310.0,,,
1994-08-31,,,7.0,22457.0,202869.0,1514.0,3139.0,294813.0,59723.0,61077.0,49313.0,29234.0,73042.0,401.0,28297.0,6157.0,6076.0,197.0,9885.0,1512.0,692.0,,,
1994-09-30,,,9.0,22457.0,198264.0,1540.0,3118.0,290790.0,46211.0,62498.0,52270.0,37727.0,72717.0,1063.0,26739.0,7416.0,5188.0,2.0,8133.0,1873.0,174.0,,,
1994-10-31,,,8.0,22457.0,206398.0,1496.0,3152.0,272425.0,44839.0,63322.0,54144.0,25354.0,70415.0,668.0,30901.0,8588.0,5412.0,70.0,10576.0,1485.0,605.0,,,
1994-11-30,,,7.0,22457.0,198850.0,1502.0,3147.0,261217.0,40487.0,57202.0,50787.0,27395.0,70649.0,652.0,29994.0,8027.0,5292.0,79.0,8322.0,3436.0,432.0,,,
1994-12-31,,,10.0,22457.0,209550.0,1510.0,3133.0,274743.0,51001.0,63645.0,53058.0,15804.0,75351.0,0.0,37443.0,11563.0,5515.0,49.0,11544.0,3666.0,342.0,,,
1995-01-31,,,7.0,22457.0,207148.0,1519.0,3159.0,248450.0,40586.0,50913.0,56511.0,14908.0,73566.0,1354.0,30308.0,7122.0,6934.0,240.0,10118.0,864.0,378.0,,,
1995-02-28,,,8.0,22457.0,190245.0,1521.0,3057.0,233648.0,39611.0,50611.0,48902.0,18674.0,64582.0,627.0,29726.0,9194.0,6332.0,44.0,7899.0,2577.0,611.0,,,
1995-03-31,,,7.0,22457.0,204613.0,1529.0,3108.0,279199.0,47731.0,60172.0,57101.0,31158.0,71693.0,0.0,29382.0,8325.0,5736.0,302.0,9132.0,1622.0,990.0,,,
1995-04-30,,,7.0,22457.0,198111.0,1506.0,3091.0,253946.0,41398.0,53427.0,52510.0,27802.0,69255.0,996.0,29936.0,5494.0,6141.0,624.0,10040.0,2179.0,178.0,,,
1995-05-31,,,7.0,22457.0,205509.0,1500.0,3137.0,269965.0,45308.0,50526.0,57255.0,25775.0,81191.0,941.0,27162.0,6744.0,4401.0,251.0,9348.0,2482.0,315.0,,,
1995-06-30,,,5.0,22457.0,197359.0,1533.0,3156.0,286751.0,53870.0,54234.0,57751.0,31155.0,79862.0,301.0,27575.0,6729.0,5404.0,636.0,7782.0,1896.0,705.0,,,
1995-07-31,,,7.0,22351.0,199912.0,1558.0,3158.0,274765.0,50593.0,54293.0,61153.0,18086.0,79548.0,1306.0,27730.0,6237.0,6270.0,298.0,9134.0,1682.0,157.0,,,
1995-08-31,,,6.0,22351.0,199846.0,1552.0,3179.0,280887.0,44798.0,55784.0,64210.0,23718.0,82272.0,0.0,25446.0,6314.0,3607.0,346.0,9563.0,1291.0,977.0,,,
1995-09-30,,,6.0,22351.0,192484.0,1560.0,3214.0,292067.0,54824.0,59651.0,61886.0,27602.0,80065.0,276.0,24154.0,4342.0,6432.0,249.0,8369.0,779.0,230.0,,,
1995-10-31,,,8.0,22351.0,199055.0,1574.0,2261.0,265893.0,49803.0,53034.0,55021.0,24466.0,71373.0,1145.0,29819.0,8009.0,7595.0,582.0,9563.0,1587.0,295.0,,,
1995-11-30,,,7.0,22351.0,197559.0,1527.0,3009.0,272221.0,45997.0,57584.0,58522.0,19844.0,78660.0,1.0,30062.0,7793.0,5648.0,335.0,9522.0,1251.0,287.0,,,
1995-12-31,,,6.0,22351.0,202428.0,1536.0,3237.0,266961.0,44156.0,55641.0,55736.0,20381.0,79049.0,913.0,35177.0,11424.0,5918.0,323.0,10548.0,1732.0,731.0,,,
1996-01-31,,,11.0,22351.0,201354.0,1519.0,3267.0,290297.0,49485.0,53675.0,59886.0,22445.0,89152.0,846.0,33171.0,9424.0,5134.0,383.0,11584.0,3256.0,477.0,18.80258064516129,,
1996-02-29,,,8.0,22351.0,190727.0,1546.0,3330.0,243304.0,37750.0,43012.0,52973.0,21463.0,74970.0,253.0,30387.0,11392.0,4894.0,652.0,8154.0,1497.0,336.0,18.70379310344828,,
1996-03-31,,,7.0,22351.0,203715.0,1572.0,3335.0,281860.0,42274.0,52455.0,68689.0,26398.0,81025.0,0.0,26870.0,5065.0,4734.0,191.0,9049.0,4024.0,423.0,21.05,,
1996-04-30,,,6.0,22351.0,193317.0,1534.0,3330.0,282855.0,36576.0,47868.0,69356.0,30623.0,85492.0,672.0,29280.0,8197.0,3789.0,337.0,8872.0,2696.0,588.0,23.285666666666675,,
1996-05-31,,,7.0,22351.0,198208.0,1510.0,3361.0,310209.0,52680.0,60472.0,67940.0,29747.0,86212.0,2219.0,27617.0,8757.0,5901.0,319.0,9222.0,1456.0,480.0,21.0883870967742,,
1996-06-30,,,6.0,22351.0,193746.0,1538.0,3359.0,298147.0,50569.0,56246.0,65619.0,27735.0,85973.0,1676.0,26863.0,4926.0,4320.0,587.0,11471.0,1199.0,350.0,20.367666666666658,,
1996-07-31,,,5.0,22017.0,196471.0,1571.0,3317.0,304432.0,51007.0,63659.0,65648.0,25506.0,84537.0,1115.0,29287.0,7329.0,4958.0,460.0,9841.0,1883.0,408.0,21.19741935483871,,
1996-08-31,,,6.0,22017.0,197162.0,1594.0,3169.0,309565.0,58181.0,60957.0,69086.0,24854.0,83318.0,2826.0,27790.0,8070.0,5287.0,535.0,10546.0,1532.0,159.0,21.911290322580648,,
1996-09-30,,,6.0,22017.0,194456.0,1573.0,3209.0,274255.0,43708.0,54033.0,64006.0,19152.0,81859.0,1602.0,33115.0,8282.0,8738.0,512.0,11170.0,2179.0,884.0,23.87733333333334,,
1996-10-31,,,5.0,22017.0,200907.0,1633.0,3237.0,304941.0,48364.0,60504.0,69649.0,26297.0,84275.0,2713.0,32396.0,7425.0,9917.0,495.0,11734.0,1316.0,459.0,24.926451612903232,,
1996-11-30,,,5.0,22017.0,194268.0,1630.0,3233.0,277328.0,43912.0,53809.0,65382.0,19121.0,84021.0,1134.0,30723.0,9300.0,6547.0,628.0,10288.0,1659.0,351.0,23.593666666666667,,
1996-12-31,,,6.0,22017.0,201685.0,1634.0,3267.0,291935.0,39738.0,58398.0,65201.0,18917.0,96296.0,1218.0,31399.0,11461.0,5393.0,470.0,11186.0,1848.0,436.0,25.071935483870973,,
1997-01-31,,,5.0,22017.0,198466.0,1613.0,3309.0,302658.0,44721.0,56355.0,66044.0,28462.0,93151.0,654.0,32176.0,12110.0,7514.0,230.0,10000.0,1707.0,292.0,25.23,432713.0,
1997-02-28,,,6.0,22017.0,182400.0,1656.0,3349.0,267706.0,48431.0,47797.0,56825.0,19744.0,83679.0,0.0,28462.0,6434.0,4866.0,260.0,10978.0,1918.0,472.0,22.29,396681.0,
1997-03-31,,,5.0,22017.0,200013.0,1630.0,3358.0,304827.0,50409.0,57628.0,70937.0,23595.0,89790.0,1147.0,28915.0,7137.0,5479.0,543.0,11912.0,1371.0,215.0,20.98,438926.0,
1997-04-30,,,3.0,22017.0,193239.0,1595.0,3308.0,303413.0,55438.0,61569.0,61508.0,19712.0,90111.0,2021.0,28111.0,8216.0,5249.0,476.0,10170.0,2118.0,592.0,19.69,423131.0,
1997-05-31,,,4.0,22017.0,200702.0,1596.0,3373.0,335357.0,64046.0,57339.0,75339.0,27335.0,96475.0,1906.0,27171.0,6219.0,6870.0,478.0,9396.0,2425.0,685.0,20.92,435592.0,
1997-06-30,,,2.0,22017.0,193252.0,1615.0,3380.0,322094.0,62915.0,59961.0,70158.0,26408.0,90923.0,678.0,28646.0,7280.0,5634.0,986.0,12235.0,1820.0,236.0,19.19,426888.0,
1997-07-31,,,2.0,22546.0,198691.0,1681.0,3408.0,310240.0,54506.0,57530.0,69492.0,20537.0,93629.0,2642.0,31376.0,8892.0,4605.0,132.0,13381.0,2892.0,516.0,19.62,434325.0,
1997-08-31,,,0.0,22546.0,196769.0,1690.0,3495.0,324404.0,54357.0,61017.0,72506.0,23679.0,97852.0,3083.0,33303.0,6823.0,5749.0,703.0,15773.0,2179.0,521.0,19.91,439712.0,
1997-09-30,,,0.0,22546.0,194575.0,1676.0,3536.0,316111.0,57294.0,64756.0,72713.0,17293.0,92452.0,2024.0,29903.0,5616.0,5278.0,171.0,14896.0,2712.0,257.0,19.78,428689.0,
1997-10-31,,,0.0,22546.0,200482.0,1691.0,3502.0,334555.0,56651.0,64992.0,81961.0,20266.0,96985.0,2843.0,33059.0,7457.0,5212.0,979.0,15099.0,2927.0,498.0,21.37,440668.0,
1997-11-30,,,0.0,22546.0,193778.0,1720.0,3493.0,298450.0,53109.0,56641.0,66747.0,18613.0,93876.0,675.0,28019.0,2834.0,6811.0,772.0,14621.0,2451.0,210.0,20.19,425849.0,
1997-12-31,,,0.0,22546.0,202464.0,1751.0,3480.0,289155.0,40630.0,59283.0,69139.0,14478.0,92403.0,1821.0,37117.0,9238.0,6366.0,669.0,17993.0,1872.0,487.0,18.34,441756.0,
1998-01-31,,,0.0,22546.0,202756.0,1782.0,3477.0,313927.0,53827.0,60606.0,68396.0,18289.0,100730.0,295.0,35121.0,9314.0,5032.0,451.0,16525.0,2249.0,14.0,16.73,443757.0,
1998-02-28,,,0.0,22546.0,181321.0,1805.0,3560.0,279737.0,46049.0,55306.0,64390.0,14496.0,86734.0,1585.0,28082.0,4894.0,4842.0,1008.0,14346.0,1939.0,604.0,16.14,398519.0,
1998-03-31,,,0.0,22546.0,198639.0,1724.0,3589.0,311061.0,55647.0,70168.0,69023.0,14395.0,87634.0,1355.0,29374.0,5443.0,5874.0,111.0,13870.0,1916.0,539.0,15.05,448486.0,
1998-04-30,,,0.0,22546.0,194483.0,1686.0,3577.0,333142.0,58120.0,71857.0,71318.0,21838.0,96913.0,2542.0,31433.0,6031.0,5111.0,142.0,16126.0,2568.0,144.0,15.48,438144.0,
1998-05-31,,,0.0,22546.0,196754.0,1657.0,3585.0,344219.0,61856.0,70832.0,81498.0,19976.0,96020.0,2545.0,32630.0,7607.0,5165.0,786.0,15996.0,1465.0,407.0,15.0,457815.0,
1998-06-30,,,0.0,22546.0,188018.0,1729.0,3476.0,327790.0,51407.0,74493.0,66984.0,24246.0,95956.0,2312.0,29610.0,4749.0,4380.0,598.0,17457.0,1131.0,548.0,13.6,435237.0,
1998-07-31,,,0.0,21034.0,192026.0,1729.0,3513.0,361122.0,64398.0,83572.0,69925.0,27222.0,100096.0,2135.0,30944.0,4401.0,4906.0,278.0,17177.0,2083.0,603.0,14.09,439093.0,
1998-08-31,,,0.0,21034.0,192282.0,1747.0,3524.0,341994.0,53121.0,88335.0,74641.0,25813.0,88258.0,1729.0,24187.0,3541.0,2485.0,107.0,14612.0,2431.0,304.0,13.47,443144.0,
1998-09-30,,,0.0,21034.0,173676.0,1706.0,3344.0,314960.0,49227.0,80465.0,64839.0,15152.0,92398.0,2320.0,25875.0,4230.0,3754.0,207.0,14173.0,1714.0,304.0,14.98,336241.0,
1998-10-31,,,0.0,21034.0,190420.0,1722.0,3208.0,336701.0,50554.0,74878.0,83348.0,25946.0,88521.0,2216.0,26367.0,6351.0,3999.0,463.0,12234.0,2129.0,352.0,14.46,421315.0,
1998-11-30,,,0.0,21034.0,184198.0,1678.0,3587.0,325804.0,51092.0,75192.0,70215.0,26903.0,89506.0,1207.0,23457.0,3864.0,4515.0,653.0,12387.0,1431.0,356.0,12.96,414058.0,
1998-12-31,,,0.0,21034.0,187347.0,1649.0,3557.0,317989.0,46517.0,73308.0,73907.0,18598.0,93915.0,1778.0,27677.0,6162.0,3519.0,311.0,13585.0,3159.0,298.0,11.24,434518.0,
1999-01-31,,,0.0,21034.0,184864.0,1581.0,3599.0,323150.0,52283.0,71870.0,73202.0,18962.0,93900.0,660.0,27764.0,7340.0,3829.0,560.0,12558.0,1953.0,713.0,12.48,436171.0,
1999-02-28,,,0.0,21034.0,167034.0,1577.0,3476.0,298204.0,43028.0,72354.0,70386.0,18425.0,78954.0,2328.0,21163.0,5718.0,1932.0,321.0,10815.0,1838.0,37.0,11.99,395293.0,
1999-03-31,,,0.0,21034.0,182362.0,1526.0,3523.0,330402.0,42988.0,91433.0,69354.0,23195.0,90122.0,1634.0,23694.0,5167.0,3383.0,224.0,11318.0,1735.0,518.0,14.71,435012.0,
1999-04-30,,,0.0,21034.0,176616.0,1562.0,3352.0,348542.0,58584.0,88873.0,73716.0,29151.0,86302.0,1527.0,35873.0,8512.0,4227.0,417.0,18480.0,3022.0,326.0,17.23,424724.0,
1999-05-31,,,0.0,21034.0,182122.0,1588.0,3379.0,356826.0,51083.0,88538.0,72798.0,39147.0,91513.0,1703.0,28358.0,6711.0,3396.0,148.0,15184.0,1266.0,495.0,17.76,432489.0,
1999-06-30,,,0.0,21034.0,172808.0,1572.0,3244.0,334793.0,44488.0,87791.0,63079.0,39903.0,87437.0,2375.0,27213.0,5998.0,3240.0,652.0,15404.0,1239.0,97.0,17.95,414495.0,
1999-07-31,,,0.0,21765.0,179738.0,1603.0,3364.0,362608.0,46863.0,83220.0,77598.0,43999.0,98379.0,1283.0,28457.0,8402.0,3626.0,357.0,13976.0,987.0,364.0,20.13,431981.0,
1999-08-31,,,0.0,21765.0,179187.0,1613.0,3270.0,345397.0,48422.0,89033.0,72688.0,29252.0,95464.0,2363.0,27951.0,9103.0,5302.0,123.0,11802.0,759.0,407.0,21.28,424513.0,
1999-09-30,,,0.0,21765.0,174113.0,1603.0,3277.0,319695.0,44236.0,84317.0,64575.0,28345.0,84214.0,3978.0,26668.0,5199.0,2977.0,429.0,15816.0,1346.0,518.0,23.72,408237.0,
1999-10-31,,,0.0,21765.0,184361.0,1587.0,3193.0,328457.0,44502.0,87067.0,63500.0,31669.0,90694.0,644.0,29263.0,6552.0,5048.0,69.0,13710.0,2499.0,574.0,22.74,421312.0,
1999-11-30,,,0.0,21765.0,178811.0,1686.0,3284.0,300996.0,40596.0,76709.0,59256.0,25340.0,87692.0,1370.0,28493.0,6362.0,5365.0,392.0,13982.0,1211.0,252.0,25.06,409660.0,
1999-12-31,,,0.0,21765.0,184716.0,1685.0,3211.0,312004.0,40823.0,79666.0,63834.0,22884.0,95510.0,728.0,38121.0,10681.0,7652.0,442.0,16610.0,1633.0,518.0,26.02,419049.0,
2000-01-31,,,0.0,21765.0,179316.0,1664.0,3491.0,314334.0,37370.0,70719.0,64777.0,25458.0,103359.0,1343.0,31185.0,7432.0,4905.0,192.0,16111.0,1399.0,180.0,26.88,411264.0,125.0
2000-02-29,,,0.0,21765.0,169703.0,1681.0,3343.0,319073.0,38881.0,76259.0,64073.0,33052.0,94080.0,1687.0,25218.0,5473.0,3501.0,895.0,12258.0,1538.0,542.0,29.37,385685.0,122.0
2000-03-31,,,0.0,21765.0,183464.0,1694.0,3436.0,342602.0,55177.0,78824.0,67991.0,32628.0,96974.0,1662.0,35917.0,8922.0,4380.0,347.0,17863.0,3531.0,78.0,30.06,418062.0,125.0
2000-04-30,,,0.0,21765.0,175625.0,1687.0,3472.0,346738.0,53597.0,80667.0,65874.0,33795.0,99028.0,2907.0,33929.0,7384.0,7112.0,346.0,16790.0,1765.0,332.0,25.64,398966.0,129.0
2000-05-31,,,0.0,21765.0,181242.0,1695.0,3482.0,353879.0,54838.0,78093.0,61405.0,38259.0,105660.0,2908.0,26547.0,4537.0,3558.0,277.0,15629.0,1401.0,393.0,28.95,413434.0,135.0
2000-06-30,,,0.0,21765.0,174686.0,1687.0,3504.0,360960.0,58459.0,89063.0,63915.0,30244.0,104013.0,1680.0,27746.0,5661.0,5004.0,409.0,14286.0,1754.0,280.0,31.46,405362.0,150.0
2000-07-31,,,0.0,22045.0,177920.0,1699.0,3299.0,359227.0,50952.0,90638.0,62079.0,42418.0,99548.0,3356.0,27902.0,5419.0,5284.0,290.0,13525.0,1423.0,613.0,30.05,422701.0,161.0
2000-08-31,,,0.0,22045.0,179451.0,1652.0,3591.0,377352.0,57795.0,96024.0,72113.0,32838.0,103149.0,1380.0,33271.0,4736.0,5532.0,428.0,19139.0,1850.0,356.0,31.17,423114.0,154.0
2000-09-30,,,0.0,22045.0,172731.0,1707.0,3630.0,356996.0,52831.0,91156.0,62680.0,35288.0,102088.0,1269.0,31764.0,4231.0,5646.0,523.0,18058.0,2146.0,255.0,33.76,411610.0,141.0
2000-10-31,,,0.0,22045.0,180080.0,1727.0,3271.0,350000.0,52405.0,88605.0,65287.0,33860.0,96792.0,1300.0,40054.0,5195.0,6744.0,357.0,23112.0,2184.0,399.0,32.9,428272.0,155.0
2000-11-30,,,0.0,22045.0,174980.0,1724.0,3388.0,339272.0,50675.0,80666.0,67695.0,31636.0,95296.0,649.0,33238.0,4545.0,6382.0,542.0,18911.0,1337.0,486.0,34.37,415005.0,145.0
2000-12-31,,,0.0,22045.0,181508.0,1732.0,3481.0,373653.0,45415.0,98600.0,73190.0,33802.0,107587.0,1301.0,33940.0,4195.0,6016.0,1229.0,18715.0,1524.0,452.0,28.35,434219.0,151.0
2001-01-31,,,0.0,22045.0,179767.0,1720.0,3538.0,389212.0,51499.0,87898.0,79424.0,44423.0,108614.0,1878.0,29569.0,4355.0,4631.0,485.0,16520.0,1986.0,554.0,29.39,434184.0,167.0
2001-02-28,,,0.0,22045.0,161843.0,1716.0,3570.0,326012.0,52101.0,75987.0,58329.0,42148.0,85548.0,1020.0,28125.0,3757.0,5160.0,268.0,16910.0,981.0,516.0,29.76,398663.0,159.0
2001-03-31,,,0.0,22045.0,182290.0,1730.0,3584.0,376103.0,60546.0,94310.0,68175.0,30765.0,108351.0,1449.0,29075.0,3922.0,5450.0,520.0,16142.0,1385.0,495.0,27.29,439076.0,168.0
2001-04-30,,,0.0,22045.0,175879.0,1698.0,3453.0,379586.0,65152.0,95740.0,67358.0,32067.0,106738.0,3330.0,28258.0,6667.0,4896.0,687.0,12465.0,1622.0,179.0,27.62,435345.0,166.0
2001-05-31,,,0.0,22045.0,180712.0,1701.0,3451.0,388410.0,60759.0,107613.0,69627.0,42122.0,98204.0,953.0,33128.0,7218.0,6813.0,840.0,15037.0,841.0,540.0,28.7,441501.0,172.0
2001-06-30,,,0.0,22045.0,172974.0,1700.0,3589.0,351959.0,47971.0,99098.0,66885.0,28063.0,97029.0,657.0,29266.0,4687.0,5856.0,719.0,14612.0,2014.0,230.0,27.62,417857.0,159.0
2001-07-31,,,0.0,22446.0,178208.0,1690.0,3631.0,364564.0,51243.0,98509.0,68973.0,34030.0,97177.0,2004.0,27248.0,4378.0,4427.0,578.0,13876.0,2453.0,583.0,26.55,434635.0,155.0
2001-08-31,,,0.0,22446.0,177488.0,1689.0,3623.0,360271.0,46275.0,99059.0,70565.0,31568.0,103155.0,1294.0,32493.0,6772.0,6831.0,634.0,13843.0,2051.0,306.0,27.31,419998.0,146.0
2001-09-30,,,0.0,22446.0,171270.0,1694.0,3621.0,354529.0,55696.0,97904.0,58480.0,31767.0,98824.0,1369.0,24752.0,5165.0,5170.0,556.0,11513.0,1674.0,392.0,26.25,418958.0,140.0
2001-10-31,,,0.0,22446.0,178129.0,1733.0,3417.0,352734.0,48793.0,96658.0,66332.0,28509.0,101034.0,931.0,29338.0,5680.0,7178.0,623.0,13579.0,817.0,115.0,22.21,419260.0,134.0
2001-11-30,,,0.0,22446.0,176441.0,1722.0,3580.0,348854.0,46181.0,83939.0,61397.0,32312.0,114063.0,618.0,28788.0,5901.0,6259.0,776.0,12892.0,1367.0,473.0,19.67,396367.0,134.0
2001-12-31,,,0.0,22446.0,182511.0,1685.0,3723.0,340804.0,45520.0,88980.0,59235.0,23262.0,113034.0,1428.0,34380.0,7012.0,11321.0,410.0,13190.0,972.0,590.0,19.46,410171.0,125.0
2002-01-31,,,0.0,22446.0,182076.0,1669.0,3703.0,343737.0,44149.0,89569.0,63059.0,26680.0,105979.0,1272.0,26681.0,4577.0,6901.0,293.0,10969.0,1309.0,1053.0,19.7,383809.0,124.0
2002-02-28,,,0.0,22446.0,164666.0,1747.0,3568.0,305310.0,30950.0,77001.0,56406.0,25614.0,101938.0,1927.0,32888.0,7506.0,10267.0,847.0,10636.0,2468.0,479.0,20.8,345197.0,119.0
2002-03-31,,,0.0,22446.0,182460.0,1767.0,3545.0,347145.0,46154.0,85077.0,62248.0,35293.0,106686.0,1300.0,26440.0,6427.0,5317.0,491.0,11171.0,2065.0,403.0,24.52,389496.0,114.0
2002-04-30,,,0.0,22446.0,175333.0,1800.0,3605.0,352954.0,49399.0,79877.0,54048.0,50600.0,108307.0,1986.0,26687.0,6189.0,4506.0,171.0,12302.0,2225.0,410.0,26.13,392340.0,102.0
2002-05-31,,,0.0,22446.0,183057.0,1774.0,3547.0,364849.0,50480.0,77594.0,59001.0,54943.0,113630.0,1957.0,28218.0,5393.0,6552.0,380.0,12898.0,2319.0,665.0,26.97,408474.0,112.0
2002-06-30,,,0.0,22446.0,176532.0,1775.0,3573.0,352585.0,52528.0,72261.0,55606.0,54640.0,106735.0,618.0,26390.0,6463.0,4435.0,872.0,11536.0,1431.0,171.0,25.61,398477.0,106.0
2002-07-31,,,0.0,22677.0,178275.0,1798.0,3560.0,360334.0,44184.0,73625.0,68750.0,49200.0,112886.0,1984.0,26007.0,3367.0,5302.0,530.0,14320.0,1147.0,419.0,26.99,413392.0,111.0
2002-08-31,,,0.0,22677.0,179670.0,1721.0,3621.0,368598.0,49027.0,72799.0,72887.0,49300.0,113547.0,1395.0,35275.0,10323.0,5324.0,568.0,14944.0,1968.0,721.0,28.15,411800.0,109.0
2002-09-30,,,0.0,22677.0,162336.0,1693.0,3569.0,332235.0,43852.0,70204.0,64686.0,35636.0,105714.0,2606.0,30463.0,8763.0,4265.0,269.0,14993.0,889.0,321.0,29.68,339794.0,114.0
2002-10-31,,,0.0,22677.0,166105.0,1814.0,3661.0,368676.0,40636.0,77391.0,71289.0,46568.0,120023.0,2726.0,29817.0,6194.0,3931.0,745.0,15565.0,1837.0,344.0,28.88,316395.0,109.0
2002-11-30,,,0.0,22677.0,168706.0,1853.0,3472.0,368027.0,41405.0,76711.0,69159.0,51047.0,114755.0,2534.0,30781.0,6837.0,4448.0,356.0,16225.0,1597.0,530.0,26.29,366864.0,111.0
2002-12-31,,,0.0,22677.0,177372.0,1801.0,3674.0,344088.0,42209.0,80802.0,42630.0,41941.0,124532.0,1890.0,39430.0,6722.0,5850.0,1170.0,21685.0,2259.0,462.0,29.43,381589.0,111.0
2003-01-31,,,0.0,22677.0,178412.0,1817.0,3746.0,344222.0,48081.0,91263.0,28802.0,42713.0,125656.0,620.0,37571.0,4438.0,4420.0,578.0,24099.0,2539.0,403.0,32.76,381172.0,110.0
2003-02-28,,,0.0,22677.0,161920.0,1762.0,3752.0,305797.0,35986.0,79420.0,33404.0,39763.0,105335.0,651.0,29873.0,3872.0,4288.0,381.0,16925.0,3541.0,208.0,35.63,350913.0,105.0
2003-03-31,,,0.0,22677.0,179907.0,1849.0,3744.0,373370.0,59276.0,95178.0,54658.0,44783.0,106107.0,631.0,32590.0,3273.0,5889.0,135.0,19210.0,2206.0,459.0,33.22,398140.0,104.0
2003-04-30,,,0.0,22677.0,171774.0,1822.0,3714.0,377975.0,53616.0,102688.0,64373.0,37951.0,108215.0,731.0,31580.0,7816.0,3514.0,689.0,16294.0,1842.0,342.0,28.28,388074.0,109.0
2003-05-31,,,0.0,22677.0,175568.0,1808.0,3740.0,400473.0,60204.0,92303.0,68909.0,49770.0,115660.0,616.0,34005.0,7000.0,4230.0,421.0,19246.0,1823.0,369.0,28.12,393109.0,114.0
2003-06-30,,,0.0,22677.0,169772.0,1883.0,3793.0,390023.0,67553.0,78023.0,65869.0,56885.0,109404.0,1308.0,31953.0,7015.0,4676.0,740.0,16260.0,1614.0,275.0,30.48,370801.0,106.0
2003-07-31,,,0.0,21891.0,170452.0,1863.0,3812.0,394816.0,65680.0,77672.0,59574.0,53689.0,123766.0,1464.0,30249.0,7147.0,4561.0,291.0,15262.0,1393.0,664.0,30.76,363173.0,108.0
2003-08-31,,,0.0,21891.0,172787.0,1792.0,3860.0,395844.0,71110.0,73991.0,71863.0,45390.0,119963.0,1926.0,29357.0,6782.0,5130.0,491.0,14469.0,1444.0,303.0,31.66,377014.0,111.0
2003-09-30,,,0.0,21891.0,168270.0,1827.0,3837.0,386032.0,63374.0,81278.0,65421.0,44625.0,116708.0,3178.0,28789.0,6490.0,4714.0,679.0,14068.0,1569.0,295.0,28.36,356722.0,105.0
2003-10-31,,,0.0,21891.0,174020.0,1854.0,3838.0,383549.0,61331.0,83096.0,70878.0,31211.0,124207.0,1394.0,30078.0,4883.0,5511.0,638.0,15670.0,2221.0,297.0,30.46,365170.0,105.0
2003-11-30,,,0.0,21891.0,166397.0,1866.0,3802.0,351369.0,45884.0,84333.0,59263.0,29891.0,119508.0,653.0,27975.0,5737.0,6087.0,188.0,13518.0,1643.0,296.0,30.95,346264.0,104.0
2003-12-31,,,0.0,21891.0,172715.0,1862.0,3896.0,373031.0,55959.0,75958.0,71045.0,29206.0,129567.0,0.0,30688.0,5698.0,4379.0,680.0,16293.0,2699.0,654.0,32.26,356796.0,104.0
2004-01-31,,,0.0,21891.0,173132.0,1790.0,3878.0,372434.0,57378.0,76441.0,72015.0,29978.0,123784.0,623.0,23202.0,3703.0,3962.0,305.0,13808.0,1099.0,32.0,34.1,359035.0,96.0
2004-02-29,,,0.0,21891.0,161583.0,1853.0,3824.0,367082.0,67376.0,66861.0,63523.0,41761.0,113542.0,731.0,30320.0,3679.0,6099.0,897.0,15148.0,2773.0,782.0,34.51,337697.0,98.0
2004-03-31,,,0.0,21891.0,174115.0,1828.0,3849.0,413811.0,78642.0,80705.0,64886.0,55260.0,122330.0,680.0,31749.0,3189.0,6237.0,500.0,17189.0,2681.0,779.0,36.74,368940.0,90.0
2004-04-30,,,0.0,21891.0,166810.0,1813.0,3926.0,386490.0,68066.0,75952.0,65770.0,48929.0,115220.0,0.0,34602.0,9089.0,4447.0,707.0,17035.0,2327.0,243.0,36.59,355585.0,98.0
2004-05-31,,,0.0,21891.0,172235.0,1809.0,3879.0,414625.0,75914.0,84535.0,70280.0,46556.0,123946.0,1205.0,32608.0,7444.0,4793.0,450.0,14811.0,2946.0,472.0,40.08,360669.0,93.0
2004-06-30,,,0.0,21891.0,162208.0,1853.0,3922.0,406817.0,66529.0,81099.0,70409.0,48367.0,122596.0,631.0,32087.0,5080.0,7073.0,481.0,14162.0,3662.0,360.0,38.13,336707.0,95.0
2004-07-31,,,0.0,21371.0,170011.0,1833.0,3835.0,420662.0,75107.0,87440.0,68274.0,50479.0,124819.0,1173.0,33468.0,6775.0,6508.0,242.0,15108.0,3469.0,586.0,40.7,354323.0,98.0
2004-08-31,,,0.0,21371.0,165072.0,1783.0,3811.0,424354.0,77212.0,104935.0,66213.0,41383.0,119079.0,655.0,33816.0,7041.0,8604.0,462.0,13740.0,1888.0,925.0,44.98,347930.0,93.0
2004-09-30,,,0.0,21371.0,152444.0,1758.0,3900.0,380278.0,65459.0,91474.0,61935.0,30518.0,116107.0,650.0,28834.0,4804.0,5707.0,373.0,14680.0,2278.0,134.0,45.71,272780.0,87.0
2004-10-31,,,0.0,21371.0,160270.0,1854.0,3920.0,416566.0,67973.0,90501.0,69407.0,46651.0,127397.0,589.0,33409.0,4480.0,7432.0,443.0,16746.0,3000.0,535.0,53.08,297369.0,93.0
2004-11-30,,,0.0,21371.0,162699.0,1859.0,3829.0,402259.0,68832.0,90276.0,63827.0,47927.0,117125.0,622.0,29749.0,5345.0,5256.0,518.0,15547.0,2009.0,305.0,48.6,306517.0,102.0
2004-12-31,,,0.0,21371.0,170815.0,1790.0,3688.0,405726.0,72612.0,80047.0,71859.0,45379.0,119951.0,2548.0,39790.0,4975.0,9884.0,278.0,20682.0,2120.0,477.0,43.34,303133.0,105.0
2005-01-31,,,0.0,21371.0,168831.0,1865.0,3818.0,402720.0,70491.0,82727.0,73607.0,39862.0,124235.0,650.0,28417.0,3770.0,3083.0,797.0,17688.0,2503.0,477.0,46.82,310146.0,102.0
2005-02-28,,,0.0,21371.0,154038.0,1857.0,3814.0,384977.0,74610.0,75042.0,70393.0,42403.0,111530.0,314.0,35173.0,7664.0,5198.0,996.0,16940.0,3901.0,233.0,48.15,287094.0,105.0
2005-03-31,,,0.0,21371.0,173626.0,1828.0,3699.0,410119.0,76894.0,82026.0,66179.0,51761.0,123397.0,0.0,40553.0,4600.0,7366.0,151.0,21909.0,5144.0,577.0,54.72,323892.0,95.0
2005-04-30,,,0.0,21371.0,166885.0,1792.0,3884.0,404284.0,71407.0,75330.0,68515.0,55332.0,121296.0,0.0,39886.0,4050.0,8589.0,304.0,18948.0,6462.0,311.0,53.34,313344.0,90.0
2005-05-31,,,0.0,21371.0,173491.0,1809.0,3911.0,434174.0,73994.0,86539.0,74120.0,51164.0,135514.0,0.0,42769.0,4468.0,6497.0,428.0,23998.0,6236.0,597.0,49.85,329586.0,94.0
2005-06-30,,,0.0,21371.0,163263.0,1759.0,3902.0,428105.0,75772.0,83193.0,75885.0,52150.0,127052.0,621.0,44312.0,6580.0,7752.0,693.0,21401.0,6328.0,456.0,56.5,310887.0,97.0
2005-07-31,,,0.0,21757.0,162854.0,1817.0,3512.0,431684.0,76355.0,91403.0,72600.0,53455.0,123411.0,1580.0,39036.0,5745.0,7246.0,794.0,19092.0,4371.0,334.0,59.05,295265.0,106.0
2005-08-31,,,0.0,21757.0,161153.0,1806.0,3872.0,429276.0,89690.0,76927.0,81027.0,41526.0,126880.0,84.0,40160.0,6137.0,6422.0,259.0,20970.0,4283.0,504.0,65.04,277113.0,100.0
2005-09-30,,,0.0,21757.0,126417.0,1713.0,3813.0,396864.0,75089.0,78517.0,61792.0,53618.0,115671.0,1344.0,25305.0,3804.0,2537.0,445.0,14622.0,3145.0,290.0,65.4,139762.0,87.0
2005-10-31,,,0.0,21757.0,141200.0,1836.0,3658.0,440459.0,82456.0,88379.0,63564.0,64947.0,124918.0,0.0,26478.0,4772.0,3547.0,464.0,14144.0,2378.0,283.0,62.35,134985.0,87.0
2005-11-30,,,0.0,21757.0,145708.0,1912.0,3753.0,422882.0,83648.0,82497.0,66975.0,47911.0,130593.0,620.0,28818.0,4205.0,4878.0,512.0,16773.0,1757.0,361.0,58.34,195597.0,81.0
2005-12-31,,,0.0,21757.0,154630.0,1977.0,3849.0,419997.0,74115.0,75873.0,73071.0,41124.0,143090.0,0.0,34282.0,6260.0,6103.0,430.0,17396.0,2812.0,251.0,59.3,233147.0,80.0
2006-01-31,,,0.0,21757.0,156480.0,1897.0,3843.0,427676.0,83858.0,74512.0,73816.0,44736.0,139089.0,622.0,32837.0,4320.0,4346.0,427.0,17387.0,4924.0,801.0,65.33,245725.0,72.0
2006-02-28,,,0.0,21757.0,140894.0,1887.0,3777.0,379819.0,75160.0,65496.0,63340.0,39654.0,124454.0,0.0,35721.0,5967.0,8026.0,1349.0,16461.0,2413.0,400.0,62.02,214905.0,86.0
2006-03-31,,,0.0,21757.0,155842.0,1908.0,3812.0,400010.0,73325.0,68170.0,70753.0,39228.0,137114.0,338.0,36256.0,4690.0,6614.0,418.0,18039.0,5007.0,966.0,62.89,240816.0,91.0
2006-04-30,,,0.0,21757.0,152450.0,1856.0,3844.0,403136.0,70407.0,81707.0,64671.0,49208.0,129555.0,0.0,41954.0,8094.0,9179.0,557.0,18432.0,4557.0,254.0,70.11,239564.0,96.0
2006-05-31,,,0.0,21757.0,159667.0,1777.0,3801.0,443758.0,76977.0,85948.0,67247.0,62685.0,137918.0,115.0,41845.0,6793.0,8923.0,787.0,19297.0,4627.0,516.0,70.86,257004.0,99.0
2006-06-30,,,0.0,21757.0,154884.0,1842.0,3755.0,427579.0,89766.0,81585.0,61700.0,49647.0,134152.0,0.0,40025.0,6731.0,9144.0,1379.0,17119.0,4326.0,233.0,71.03,248874.0,89.0
2006-07-31,,,0.0,20972.0,157919.0,1878.0,3713.0,433491.0,87936.0,79420.0,68497.0,54731.0,130037.0,502.0,43000.0,5071.0,10210.0,1464.0,19874.0,5088.0,557.0,74.45,257355.0,96.0
2006-08-31,,,0.0,20972.0,156232.0,1833.0,3728.0,455595.0,88689.0,88686.0,70027.0,57386.0,137314.0,0.0,38902.0,6908.0,8937.0,893.0,15973.0,4529.0,543.0,73.11,251758.0,100.0
2006-09-30,,,0.0,20972.0,150926.0,1800.0,3716.0,434721.0,92399.0,93646.0,65764.0,45934.0,124326.0,151.0,46626.0,5550.0,14535.0,473.0,19629.0,5747.0,328.0,64.29,239748.0,89.0
2006-10-31,,,0.0,20972.0,158353.0,1856.0,3611.0,412818.0,88673.0,83482.0,65629.0,36615.0,125564.0,622.0,46701.0,6138.0,12749.0,1469.0,20036.0,4828.0,310.0,59.22,243308.0,90.0
2006-11-30,,,0.0,20972.0,151926.0,1923.0,3585.0,390135.0,69043.0,79643.0,56044.0,37690.0,135321.0,575.0,40594.0,6794.0,7793.0,280.0,18975.0,5638.0,323.0,59.14,236828.0,85.0
2006-12-31,,,0.0,20972.0,160768.0,1998.0,3416.0,394344.0,82573.0,76635.0,57511.0,37791.0,128498.0,0.0,36099.0,3466.0,6329.0,1304.0,19376.0,4414.0,517.0,62.22,238246.0,84.0
2007-01-31,,,0.0,20972.0,158342.0,1886.0,3588.0,424880.0,90730.0,85508.0,61419.0,37817.0,135217.0,0.0,44812.0,7792.0,11496.0,1487.0,16957.0,5338.0,325.0,54.7,236459.0,83.0
2007-02-28,,,0.0,20972.0,143301.0,1870.0,3588.0,340839.0,68969.0,55239.0,56393.0,31286.0,120109.0,0.0,37791.0,5785.0,7737.0,1150.0,17324.0,5483.0,186.0,59.52,215086.0,89.0
2007-03-31,,,0.0,20972.0,158697.0,1931.0,3635.0,432648.0,97535.0,76984.0,61159.0,49580.0,135063.0,0.0,39509.0,3398.0,7517.0,1233.0,22800.0,3412.0,572.0,60.78,239968.0,73.0
2007-04-30,,,0.0,20972.0,155407.0,1918.0,3637.0,415258.0,82866.0,81109.0,57861.0,52010.0,131057.0,0.0,40795.0,8609.0,6717.0,1343.0,19814.0,3078.0,164.0,64.21,233583.0,73.0
2007-05-31,,,0.0,20972.0,161548.0,1936.0,3558.0,440339.0,87110.0,84271.0,66016.0,57142.0,135975.0,0.0,44665.0,6588.0,8374.0,725.0,23127.0,5013.0,494.0,63.61,243577.0,80.0
2007-06-30,,,0.0,20972.0,152254.0,1913.0,3658.0,406587.0,82894.0,85548.0,57451.0,48545.0,125226.0,0.0,39941.0,5273.0,4773.0,1471.0,21279.0,6302.0,437.0,67.43,230158.0,78.0
2007-07-31,,,0.0,21317.0,156175.0,1912.0,3608.0,426374.0,83041.0,81021.0,64496.0,55172.0,130655.0,43.0,46677.0,6747.0,10750.0,699.0,20956.0,5718.0,321.0,74.13,232203.0,79.0
2007-08-31,,,0.0,21317.0,154060.0,1984.0,3257.0,422663.0,90638.0,85883.0,66488.0,37775.0,130974.0,497.0,45968.0,7185.0,8346.0,2066.0,20474.0,6487.0,325.0,72.4,229259.0,75.0
2007-09-30,,,0.0,21317.0,147061.0,1938.0,3543.0,409380.0,84063.0,85544.0,62815.0,38060.0,126277.0,0.0,40827.0,4894.0,8853.0,1229.0,18190.0,5960.0,440.0,79.11,222287.0,50.0
2007-10-31,,,0.0,21317.0,155680.0,1924.0,3387.0,402396.0,76358.0,77975.0,64063.0,46474.0,125484.0,0.0,41079.0,4152.0,7051.0,1767.0,20366.0,6149.0,187.0,85.83,239307.0,52.0
2007-11-30,,,0.0,21317.0,151021.0,1951.0,3287.0,395643.0,78954.0,82427.0,59335.0,37738.0,124544.0,0.0,53000.0,6516.0,8818.0,1669.0,28588.0,5541.0,294.0,95.19,233331.0,63.0
2007-12-31,,,0.0,21317.0,158427.0,1874.0,3347.0,398950.0,84766.0,80138.0,62535.0,36586.0,121593.0,892.0,47814.0,6883.0,10498.0,1642.0,22897.0,4721.0,293.0,91.75,257979.0,63.0
2008-01-31,,,0.0,21317.0,158566.0,2534.0,3322.0,420616.0,88317.0,83856.0,62908.0,39503.0,130853.0,1614.0,50210.0,6581.0,8068.0,1266.0,26052.0,6189.0,461.0,92.94,242267.0,57.0
2008-02-29,,,0.0,21317.0,149297.0,2545.0,3306.0,367143.0,64309.0,83580.0,53512.0,38676.0,116224.0,0.0,53588.0,5336.0,11406.0,2003.0,24075.0,8325.0,452.0,94.92,229553.0,59.0
2008-03-31,,,0.0,21317.0,160868.0,2631.0,3234.0,390528.0,77023.0,84972.0,53585.0,37677.0,126121.0,1281.0,56021.0,7192.0,9857.0,644.0,27908.0,8000.0,501.0,105.15,240471.0,60.0
2008-04-30,,,0.0,21317.0,155403.0,2516.0,3156.0,399944.0,86782.0,75925.0,56606.0,43603.0,124461.0,1081.0,52168.0,6301.0,7146.0,1522.0,26420.0,9418.0,207.0,112.58,210306.0,67.0
2008-05-31,,,0.0,21317.0,159437.0,2439.0,3191.0,399957.0,74401.0,85463.0,62049.0,49692.0,116478.0,300.0,55579.0,6756.0,11647.0,1083.0,25402.0,8938.0,129.0,125.61,209626.0,67.0
2008-06-30,,,0.0,21317.0,154133.0,2471.0,3234.0,401942.0,77356.0,79852.0,60080.0,57703.0,115007.0,2255.0,64389.0,8084.0,14324.0,1244.0,27507.0,11191.0,470.0,134.6,220165.0,64.0
2008-07-31,,,0.0,19121.0,160481.0,2650.0,3180.0,406854.0,74806.0,89337.0,65463.0,45163.0,120100.0,1334.0,63588.0,6128.0,17527.0,2063.0,27872.0,6727.0,403.0,134.42,231494.0,67.0
2008-08-31,,,0.0,19121.0,155092.0,2682.0,3151.0,406644.0,83871.0,86348.0,65899.0,40957.0,118037.0,2297.0,63647.0,6659.0,15032.0,2379.0,26040.0,10067.0,262.0,116.73,212921.0,70.0
2008-09-30,,,0.0,19121.0,119208.0,2562.0,3108.0,346859.0,61510.0,69902.0,52429.0,42774.0,107617.0,1248.0,39675.0,5467.0,6702.0,835.0,19303.0,5381.0,383.0,104.41,62990.0,69.0
2008-10-31,,,0.0,19121.0,146868.0,2600.0,3148.0,409269.0,79378.0,79077.0,61891.0,47427.0,132354.0,50.0,51384.0,6948.0,10463.0,1235.0,24993.0,6903.0,294.0,76.77,135398.0,65.0
2008-11-30,,,0.0,19121.0,152343.0,2683.0,3089.0,386421.0,73096.0,76285.0,60116.0,42029.0,123463.0,1054.0,51609.0,5881.0,16795.0,1773.0,21563.0,3784.0,436.0,57.54,158925.0,61.0
2008-12-31,,,0.0,19121.0,158183.0,2633.0,3110.0,390817.0,76363.0,77462.0,60149.0,39116.0,127006.0,1250.0,57533.0,6039.0,18696.0,1271.0,24042.0,5610.0,270.0,41.21,175838.0,68.0
2009-01-31,,,0.0,19121.0,159467.0,2592.0,3076.0,406925.0,69714.0,79356.0,76735.0,38901.0,129178.0,1232.0,59567.0,9207.0,17011.0,807.0,23353.0,7500.0,437.0,41.99,196895.0,60.0
2009-02-28,,,0.0,19121.0,146698.0,2684.0,3052.0,338661.0,57020.0,60749.0,57159.0,37734.0,115598.0,552.0,50615.0,7515.0,13699.0,1332.0,20332.0,6016.0,191.0,39.4,185793.0,52.0
2009-03-31,,,0.0,19121.0,161776.0,2579.0,3051.0,385841.0,75123.0,65673.0,65050.0,48787.0,121601.0,667.0,56968.0,11665.0,13715.0,1175.0,21216.0,6979.0,1147.0,48.15,208497.0,41.0
2009-04-30,,,0.0,19121.0,158344.0,2459.0,3047.0,358846.0,66667.0,60233.0,56987.0,54215.0,111382.0,0.0,57010.0,9797.0,16573.0,2115.0,19374.0,7125.0,877.0,50.48,196512.0,51.0
2009-05-31,,,0.0,19121.0,166684.0,2436.0,3016.0,355774.0,57946.0,58695.0,64147.0,53037.0,111636.0,0.0,62468.0,7637.0,15915.0,2180.0,25013.0,11086.0,148.0,59.3,204774.0,55.0
2009-06-30,,,0.0,19121.0,158079.0,2559.0,2907.0,358083.0,63015.0,58711.0,64378.0,48272.0,114574.0,0.0,58881.0,9336.0,11408.0,2269.0,26266.0,7749.0,840.0,69.72,212642.0,43.0
2009-07-31,,,0.0,20682.0,167336.0,2667.0,2952.0,366727.0,62239.0,65714.0,61001.0,48048.0,120786.0,0.0,72794.0,13674.0,14972.0,3685.0,30166.0,8841.0,355.0,64.44,225441.0,36.0
2009-08-31,,,0.0,20682.0,167945.0,2575.0,2940.0,346658.0,71009.0,53530.0,57118.0,38933.0,118774.0,0.0,65687.0,9025.0,13325.0,4260.0,26093.0,10861.0,330.0,71.06,212595.0,32.0
2009-09-30,,,0.0,20682.0,166765.0,2528.0,2988.0,352675.0,73348.0,63691.0,58984.0,35039.0,111999.0,1002.0,63152.0,8846.0,16058.0,2479.0,25697.0,7362.0,303.0,69.25,201837.0,31.0
2009-10-31,,,0.0,20682.0,171258.0,2594.0,2989.0,337212.0,67313.0,61166.0,52236.0,36681.0,112004.0,628.0,68907.0,12370.0,14022.0,2416.0,28121.0,9053.0,324.0,75.7,208583.0,35.0
2009-11-30,,,0.0,20682.0,161838.0,2725.0,2948.0,333152.0,71471.0,57467.0,48957.0,34780.0,113761.0,0.0,60870.0,6899.0,14658.0,1326.0,27244.0,9015.0,312.0,77.7,191303.0,35.0
2009-12-31,,,0.0,20682.0,169004.0,2564.0,2998.0,326556.0,66481.0,52138.0,44121.0,29714.0,124518.0,618.0,61887.0,8189.0,8344.0,2290.0,30511.0,9782.0,386.0,74.61,199232.0,39.0
2010-01-31,,,0.0,20682.0,167529.0,2484.0,3015.0,350315.0,66170.0,57808.0,57787.0,40465.0,118819.0,0.0,58797.0,10644.0,6167.0,2293.0,26369.0,10963.0,547.0,78.13,203379.0,42.0
2010-02-28,,,0.0,20682.0,155496.0,2614.0,3009.0,314452.0,57572.0,56097.0,52497.0,36903.0,105303.0,0.0,56949.0,10182.0,5814.0,2339.0,27651.0,9069.0,257.0,76.3,188967.0,46.0
2010-03-31,,,0.0,20682.0,170976.0,2625.0,3001.0,360262.0,76156.0,62903.0,56216.0,35698.0,121092.0,571.0,66622.0,9604.0,7356.0,2547.0,32773.0,11674.0,251.0,81.19,210438.0,53.0
2010-04-30,,,0.0,20682.0,161769.0,2704.0,2996.0,375769.0,73490.0,72926.0,59110.0,41740.0,117019.0,606.0,72974.0,10516.0,10787.0,2136.0,33315.0,13474.0,270.0,84.58,195203.0,52.0
2010-05-31,,,0.0,20682.0,167427.0,2763.0,2998.0,376383.0,72157.0,66829.0,60548.0,44644.0,125518.0,0.0,74372.0,11455.0,14392.0,1828.0,30313.0,12444.0,318.0,74.52,193933.0,48.0
2010-06-30,,,0.0,20682.0,161385.0,2784.0,2953.0,373317.0,69301.0,72379.0,58351.0,44500.0,121024.0,0.0,69117.0,8543.0,12895.0,2225.0,30032.0,12822.0,340.0,75.39,179643.0,17.0
2010-07-31,,,0.0,23267.0,164234.0,2773.0,2970.0,392915.0,76014.0,63514.0,66391.0,55622.0,121996.0,1942.0,77999.0,10319.0,13077.0,2837.0,31988.0,17952.0,572.0,76.18,180332.0,16.0
2010-08-31,,,0.0,23267.0,168867.0,2803.0,2955.0,383045.0,78731.0,63900.0,62230.0,46493.0,120678.0,587.0,74719.0,13458.0,15090.0,2325.0,27373.0,14239.0,323.0,76.61,191112.0,20.0
2010-09-30,,,0.0,23267.0,168473.0,2663.0,2964.0,354677.0,76200.0,60085.0,57294.0,35319.0,115981.0,0.0,70337.0,8719.0,15869.0,3084.0,27429.0,12472.0,578.0,75.54,178304.0,15.0
2010-10-31,,,0.0,23267.0,174547.0,2733.0,2961.0,345415.0,63562.0,58550.0,56722.0,39276.0,117979.0,0.0,76880.0,8106.0,18628.0,2166.0,32587.0,13006.0,442.0,81.89,184571.0,22.0
2010-11-30,,,0.0,23267.0,167272.0,2973.0,2902.0,332884.0,55912.0,60071.0,57073.0,33602.0,118845.0,0.0,77955.0,9576.0,20112.0,1081.0,33799.0,10589.0,329.0,84.28,171709.0,20.0
2010-12-31,,,0.0,23267.0,173831.0,2963.0,2975.0,345099.0,66589.0,54072.0,54158.0,35775.0,128303.0,0.0,81965.0,13415.0,14718.0,2351.0,38727.0,11274.0,279.0,89.28,181553.0,24.0
2011-01-31,,,0.0,23267.0,170393.0,2833.0,3002.0,377114.0,67814.0,59799.0,62141.0,40998.0,136962.0,0.0,85257.0,10461.0,17511.0,1808.0,39600.0,13143.0,480.0,89.74,180251.0,26.0
2011-02-28,,1699.0,0.0,23267.0,151354.0,2783.0,2962.0,298861.0,55135.0,46329.0,48475.0,26332.0,116417.0,0.0,73766.0,11139.0,15373.0,1216.0,32505.0,10526.0,419.0,88.64,153482.0,25.0
2011-03-31,,1738.0,0.0,23267.0,174158.0,2854.0,2986.0,364400.0,63190.0,59003.0,60492.0,44873.0,131940.0,0.0,84709.0,9334.0,14894.0,2853.0,40981.0,13593.0,475.0,102.99,169831.0,28.0
2011-04-30,,1818.0,0.0,23267.0,166858.0,2854.0,2990.0,352372.0,56339.0,64946.0,60644.0,44584.0,119415.0,0.0,92143.0,9407.0,19970.0,3217.0,42543.0,15476.0,255.0,110.41,162198.0,29.0
2011-05-31,,1847.0,0.0,23267.0,174363.0,2562.0,2975.0,366004.0,58243.0,67934.0,60780.0,49781.0,123008.0,43.0,84787.0,7451.0,17272.0,1797.0,41657.0,15028.0,419.0,101.19,164039.0,35.0
2011-06-30,,1882.0,0.0,23267.0,167673.0,2670.0,2961.0,354169.0,54127.0,74982.0,58649.0,43352.0,118388.0,0.0,81474.0,9608.0,13908.0,3084.0,37503.0,14302.0,450.0,96.19,150882.0,33.0
2011-07-31,,1908.0,0.0,26544.0,168635.0,2913.0,2944.0,362220.0,59274.0,77256.0,59956.0,34675.0,124977.0,0.0,94637.0,12825.0,20567.0,2459.0,39918.0,16072.0,377.0,97.09,148861.0,37.0
2011-08-31,,1975.0,0.0,26544.0,175618.0,3073.0,2953.0,345990.0,52311.0,65870.0,61808.0,34421.0,124204.0,638.0,93075.0,13032.0,20600.0,2588.0,38075.0,15786.0,507.0,86.0,151602.0,33.0
2011-09-30,,1990.0,0.0,26544.0,168411.0,2993.0,2883.0,336767.0,42615.0,69678.0,56757.0,32650.0,129181.0,0.0,95223.0,12796.0,19836.0,2878.0,38606.0,17161.0,327.0,85.58,124788.0,31.0
2011-10-31,,2021.0,0.0,26544.0,182977.0,3062.0,2946.0,341161.0,46462.0,66833.0,59344.0,37934.0,125052.0,0.0,96327.0,12365.0,20452.0,1290.0,39509.0,19130.0,533.0,86.27,143082.0,35.0
2011-11-30,,2000.0,0.0,26544.0,181157.0,3043.0,2916.0,334689.0,45356.0,64464.0,51362.0,40309.0,126795.0,1103.0,94763.0,13361.0,15221.0,2466.0,43305.0,18300.0,387.0,97.1,138426.0,39.0
2011-12-31,,2007.0,0.0,26544.0,189487.0,3155.0,2943.0,340463.0,43605.0,64283.0,59998.0,36133.0,128041.0,1592.0,113687.0,16752.0,24858.0,4698.0,43404.0,19897.0,307.0,98.57,143471.0,42.0
2012-01-31,,2008.0,0.0,26544.0,191472.0,3108.0,2912.0,338215.0,43571.0,71031.0,52612.0,35152.0,132859.0,0.0,88958.0,10372.0,18470.0,2245.0,39757.0,15825.0,375.0,99.98,141312.0,42.0
2012-02-29,,1981.0,0.0,26544.0,181783.0,3249.0,2939.0,304201.0,32101.0,61657.0,58601.0,26528.0,124485.0,28.0,86825.0,11424.0,18911.0,943.0,38862.0,14453.0,592.0,102.33,130558.0,43.0
2012-03-31,,1979.0,0.0,26544.0,196138.0,3037.0,2957.0,328759.0,33719.0,74155.0,63228.0,29206.0,128076.0,0.0,96593.0,12011.0,18449.0,2238.0,42298.0,19262.0,269.0,106.31,142800.0,46.0
2012-04-30,,1945.0,0.0,26544.0,189601.0,3155.0,2952.0,318315.0,37767.0,74716.0,56329.0,25637.0,122513.0,0.0,98153.0,11606.0,16281.0,3153.0,40456.0,23424.0,265.0,103.38,133745.0,45.0
2012-05-31,,1983.0,0.0,26544.0,197456.0,3035.0,2944.0,344637.0,40984.0,86411.0,54718.0,35302.0,126770.0,0.0,99428.0,11545.0,18721.0,3677.0,42621.0,20598.0,418.0,94.47,130695.0,48.0
2012-06-30,,1959.0,0.0,26544.0,188262.0,3014.0,2944.0,342727.0,44390.0,78071.0,56707.0,39500.0,123202.0,540.0,96473.0,9930.0,22710.0,3036.0,40916.0,17794.0,276.0,82.59,118012.0,48.0
2012-07-31,,1924.0,0.0,30529.0,199368.0,3114.0,2920.0,334604.0,35659.0,75351.0,62762.0,34613.0,125894.0,0.0,100361.0,11281.0,19304.0,2745.0,43732.0,20023.0,591.0,87.95,128147.0,51.0
2012-08-31,,1894.0,0.0,30529.0,196867.0,3064.0,2957.0,337268.0,39871.0,75767.0,62076.0,33497.0,126022.0,0.0,95526.0,13056.0,17162.0,869.0,41323.0,20109.0,381.0,94.15,110373.0,51.0
2012-09-30,,1848.0,0.0,30529.0,197942.0,3011.0,2944.0,314256.0,38158.0,68289.0,56238.0,32498.0,118470.0,603.0,94911.0,10083.0,16262.0,2468.0,40868.0,22142.0,367.0,94.9,111143.0,50.0
2012-10-31,,1826.0,0.0,30529.0,216057.0,3173.0,2893.0,311468.0,37891.0,72904.0,49744.0,32991.0,117386.0,0.0,100897.0,12542.0,21680.0,1934.0,46634.0,16313.0,461.0,89.6,127214.0,52.0
2012-11-30,,1811.0,0.0,30529.0,212472.0,3271.0,2946.0,305442.0,32185.0,68653.0,56094.0,27479.0,120265.0,573.0,102124.0,15207.0,16924.0,1573.0,44014.0,22625.0,235.0,86.68,125639.0,50.0
2012-12-31,,1763.0,0.0,30529.0,220282.0,3427.0,2915.0,298960.0,22461.0,59598.0,54461.0,29102.0,132844.0,494.0,112717.0,15707.0,18795.0,3335.0,48189.0,23640.0,1084.0,88.24,128238.0,51.0
2013-01-31,,1753.0,0.0,30529.0,219570.0,3329.0,2953.0,312757.0,31253.0,61493.0,51709.0,25145.0,143118.0,17.0,89320.0,12960.0,9243.0,2815.0,41431.0,19582.0,537.0,94.64,124362.0,52.0
2013-02-28,,1761.0,0.0,30529.0,200071.0,3259.0,2944.0,260019.0,14747.0,57162.0,37278.0,25023.0,125687.0,0.0,91836.0,10990.0,10077.0,2142.0,45616.0,20975.0,174.0,95.43,109780.0,53.0
2013-03-31,,1748.0,0.0,30529.0,223644.0,3429.0,2895.0,295560.0,24886.0,70566.0,51661.0,30893.0,117554.0,0.0,96447.0,16947.0,13463.0,2330.0,44851.0,16626.0,375.0,93.24,118101.0,45.0
2013-04-30,,1754.0,0.0,30529.0,221205.0,3237.0,2895.0,305025.0,28404.0,60859.0,54210.0,33916.0,127203.0,210.0,97041.0,15594.0,15759.0,2175.0,42370.0,19465.0,501.0,91.85,115853.0,49.0
2013-05-31,,1771.0,0.0,30529.0,227101.0,3026.0,2878.0,315396.0,36007.0,77921.0,48952.0,34889.0,117034.0,313.0,107618.0,19579.0,18748.0,3116.0,44203.0,18971.0,198.0,94.95,114477.0,55.0
2013-06-30,,1748.0,0.0,30529.0,218314.0,3146.0,2906.0,296451.0,30457.0,69012.0,51852.0,31774.0,113307.0,0.0,107810.0,13768.0,18767.0,6319.0,39797.0,24905.0,524.0,95.61,104271.0,56.0
2013-07-31,,1776.0,0.0,33371.0,233174.0,3306.0,2875.0,319296.0,28866.0,74854.0,60378.0,31311.0,123775.0,0.0,119369.0,14295.0,19433.0,5847.0,48574.0,27636.0,450.0,104.79,110013.0,58.0
2013-08-31,,1776.0,0.0,33371.0,233562.0,3471.0,2908.0,317716.0,30671.0,77213.0,52809.0,30533.0,125978.0,66.0,115463.0,14628.0,22912.0,8089.0,42874.0,25229.0,395.0,106.62,104060.0,64.0
2013-09-30,,1744.0,0.0,33371.0,235142.0,3352.0,2911.0,301089.0,26325.0,74158.0,53085.0,27716.0,119538.0,0.0,108947.0,11013.0,28506.0,3389.0,39831.0,21406.0,502.0,106.42,108728.0,64.0
2013-10-31,,1738.0,0.0,33371.0,240567.0,3335.0,2926.0,297863.0,19162.0,67477.0,48015.0,34480.0,128726.0,0.0,126288.0,18606.0,29553.0,5806.0,48370.0,21132.0,267.0,100.7,102124.0,62.0
2013-11-30,,1763.0,0.0,33371.0,237565.0,3468.0,2899.0,281563.0,13007.0,71333.0,47345.0,24079.0,125799.0,0.0,119000.0,16819.0,24951.0,3886.0,49448.0,21430.0,250.0,93.98,108102.0,57.0
2013-12-31,8976.0,1757.0,0.0,33371.0,245904.0,3534.0,2908.0,295719.0,15268.0,75281.0,46605.0,22522.0,136043.0,0.0,142649.0,22000.0,22245.0,5812.0,61054.0,28427.0,700.0,97.92,106827.0,61.0
2014-01-31,9122.0,1785.0,0.0,33371.0,250390.0,3568.0,2882.0,288458.0,9884.0,72993.0,45082.0,20541.0,139732.0,0.0,121251.0,14702.0,20836.0,4847.0,50686.0,26736.0,924.0,94.84,102309.0,57.0
2014-02-28,9690.0,1769.0,0.0,33371.0,227950.0,3578.0,2891.0,256340.0,10237.0,64580.0,45185.0,21335.0,114841.0,0.0,102416.0,12043.0,13317.0,4969.0,50869.0,19402.0,402.0,100.46,95596.0,55.0
2014-03-31,9354.0,1809.0,0.0,33371.0,257189.0,3685.0,2872.0,286934.0,11820.0,74092.0,45087.0,28955.0,126796.0,0.0,123780.0,17317.0,18334.0,4313.0,55627.0,24424.0,686.0,100.68,105440.0,50.0
2014-04-30,9584.0,1861.0,0.0,33371.0,255791.0,3556.0,2865.0,288002.0,15122.0,78451.0,47581.0,28638.0,117875.0,0.0,119225.0,15918.0,23750.0,6121.0,48271.0,22150.0,321.0,102.22,106362.0,54.0
2014-05-31,9626.0,1866.0,0.0,33371.0,267997.0,3467.0,2881.0,291004.0,15468.0,71280.0,44947.0,31430.0,127674.0,0.0,127495.0,14865.0,23297.0,6837.0,55465.0,24475.0,324.0,101.72,111475.0,60.0
2014-06-30,9792.0,1873.0,0.0,33371.0,262251.0,3548.0,2821.0,265109.0,15580.0,65363.0,38900.0,23368.0,121890.0,0.0,124649.0,14257.0,21433.0,4186.0,55639.0,25547.0,357.0,105.18,107406.0,55.0
2014-07-31,9958.0,1883.0,0.0,36385.0,274231.0,3589.0,2767.0,294363.0,14972.0,77444.0,48948.0,26624.0,126375.0,0.0,138382.0,14295.0,25203.0,6328.0,61485.0,25989.0,824.0,102.48,109951.0,60.0
2014-08-31,10196.0,1914.0,0.0,36385.0,276865.0,3547.0,2801.0,288878.0,13654.0,63009.0,54785.0,24043.0,132809.0,578.0,138174.0,17059.0,24760.0,5390.0,57558.0,28411.0,311.0,96.21,110811.0,66.0
2014-09-30,10442.0,1931.0,0.0,36385.0,272586.0,3595.0,2775.0,275435.0,16900.0,57531.0,50143.0,18170.0,132691.0,0.0,118410.0,16282.0,16408.0,4789.0,55067.0,24024.0,775.0,93.09,106522.0,62.0
2014-10-31,10398.0,1929.0,0.0,36385.0,287206.0,3727.0,2744.0,276658.0,14281.0,56569.0,50147.0,22207.0,133416.0,0.0,128154.0,20971.0,13545.0,6016.0,59987.0,24090.0,351.0,84.47,110725.0,53.0
2014-11-30,10174.0,1917.0,0.0,36385.0,279723.0,3714.0,2736.0,270260.0,14304.0,54369.0,49890.0,17082.0,134532.0,0.0,130584.0,17847.0,17960.0,6058.0,63369.0,23328.0,256.0,76.65,101778.0,54.0
2014-12-31,10354.0,1840.0,0.0,36385.0,296466.0,3780.0,2730.0,291463.0,17807.0,47505.0,48784.0,27184.0,150182.0,0.0,151650.0,23714.0,22539.0,5687.0,70073.0,26754.0,437.0,59.03,107362.0,58.0
2015-01-31,10788.0,1543.0,0.0,36385.0,290866.0,3885.0,2627.0,293297.0,9847.0,49875.0,54539.0,27379.0,151657.0,0.0,141837.0,10527.0,23319.0,3942.0,75227.0,25725.0,777.0,47.98,107681.0,49.0
2015-02-28,12018.0,1267.0,0.0,36385.0,265709.0,3906.0,2703.0,259626.0,12784.0,48120.0,45049.0,20079.0,133069.0,525.0,129922.0,21897.0,16630.0,4865.0,61525.0,23606.0,205.0,50.86,95373.0,51.0
2015-03-31,12174.0,1048.0,0.0,36385.0,297067.0,3775.0,2684.0,298196.0,10634.0,55982.0,57529.0,24946.0,149102.0,0.0,126848.0,18642.0,18392.0,4017.0,61739.0,23077.0,251.0,47.76,96915.0,34.0
2015-04-30,12276.0,932.0,0.0,36385.0,289729.0,3463.0,2537.0,281216.0,10605.0,56530.0,50320.0,25330.0,138299.0,0.0,148129.0,23497.0,28505.0,3972.0,63053.0,25866.0,281.0,54.12,108387.0,34.0
2015-05-31,12270.0,875.0,0.0,36385.0,293684.0,3212.0,2575.0,294570.0,13477.0,64591.0,55749.0,28456.0,132297.0,0.0,150436.0,22056.0,19257.0,5153.0,71221.0,30918.0,288.0,59.46,112773.0,29.0
2015-06-30,12220.0,859.0,0.0,36385.0,280711.0,3457.0,2597.0,288139.0,10907.0,61014.0,50681.0,30171.0,135366.0,0.0,139697.0,22025.0,20222.0,3610.0,65377.0,26030.0,350.0,59.76,106744.0,28.0
2015-07-31,12216.0,874.0,0.0,32318.0,292781.0,3821.0,2626.0,296712.0,15451.0,57314.0,57357.0,33503.0,132761.0,326.0,153775.0,24086.0,25590.0,4724.0,72354.0,25162.0,176.0,51.44,118085.0,34.0
2015-08-31,12198.0,877.0,0.0,32318.0,291680.0,3922.0,2609.0,305609.0,12452.0,49967.0,61480.0,35834.0,145550.0,326.0,139730.0,19041.0,21646.0,5706.0,65344.0,25029.0,173.0,43.19,120511.0,30.0
2015-09-30,12230.0,838.0,0.0,32318.0,284311.0,3422.0,2613.0,280736.0,18330.0,47504.0,51972.0,26979.0,135177.0,650.0,145540.0,19397.0,30593.0,5193.0,64054.0,23692.0,317.0,45.43,117390.0,33.0
2015-10-31,12354.0,775.0,0.0,32318.0,291381.0,3582.0,2620.0,274087.0,15063.0,57923.0,47511.0,22478.0,130334.0,620.0,143113.0,20099.0,20897.0,3257.0,68457.0,27401.0,737.0,46.5,112082.0,33.0
2015-11-30,12536.0,744.0,0.0,32318.0,279963.0,3819.0,2603.0,274532.0,16144.0,56992.0,47433.0,21406.0,131425.0,1087.0,147099.0,24483.0,24979.0,3368.0,65432.0,27441.0,166.0,42.79,102391.0,30.0
2015-12-31,12680.0,698.0,0.0,32318.0,287512.0,3866.0,2603.0,302014.0,14378.0,61815.0,55909.0,20320.0,149491.0,101.0,163253.0,28588.0,28374.0,3259.0,70103.0,28901.0,384.0,37.29,109310.0,25.0
2016-01-31,12784.0,619.0,0.0,32318.0,285235.0,3877.0,2598.0,300915.0,15670.0,56801.0,55321.0,23737.0,149386.0,0.0,154285.0,27618.0,19391.0,4191.0,72335.0,28600.0,335.0,32.29,106127.0,28.0
2016-02-29,12714.0,502.0,0.0,32318.0,262754.0,3797.0,2535.0,291915.0,21281.0,56048.0,50596.0,25078.0,138912.0,0.0,143086.0,29821.0,17101.0,4800.0,62753.0,25633.0,268.0,30.6,98287.0,27.0
2016-03-31,12698.0,464.0,0.0,32318.0,282106.0,3767.0,2527.0,310038.0,21525.0,64712.0,57962.0,24494.0,141345.0,0.0,157839.0,29383.0,24972.0,4502.0,71930.0,24747.0,1148.0,38.1,108380.0,28.0
2016-04-30,12398.0,420.0,0.0,32318.0,266194.0,3429.0,2498.0,294659.0,21853.0,64922.0,46395.0,30529.0,130930.0,30.0,155856.0,27330.0,27849.0,3735.0,66090.0,27934.0,576.0,41.02,98939.0,25.0
2016-05-31,12106.0,404.0,0.0,32318.0,273850.0,2811.0,2496.0,315600.0,25219.0,75620.0,53515.0,29377.0,131869.0,0.0,177922.0,37566.0,30975.0,2893.0,74575.0,29575.0,615.0,46.9,107850.0,24.0
2016-06-30,11836.0,421.0,0.0,32318.0,260264.0,3112.0,2520.0,301625.0,20206.0,64141.0,55119.0,35659.0,125975.0,0.0,163109.0,22914.0,28406.0,4042.0,72414.0,30934.0,723.0,48.71,95158.0,21.0
2016-07-31,11572.0,463.0,0.0,32773.0,268502.0,3657.0,2496.0,326494.0,27445.0,71153.0,59877.0,36518.0,130609.0,656.0,162014.0,26071.0,22681.0,3492.0,74839.0,30729.0,900.0,45.07,101199.0,19.0
2016-08-31,11276.0,489.0,0.0,32773.0,269362.0,3855.0,2484.0,319990.0,20398.0,69334.0,59156.0,29876.0,140569.0,657.0,157992.0,19389.0,29327.0,2523.0,73714.0,29192.0,751.0,45.01,103424.0,17.0
2016-09-30,11032.0,522.0,0.0,32773.0,256292.0,3849.0,2435.0,305981.0,16641.0,70622.0,53725.0,31352.0,133228.0,160.0,163180.0,30888.0,29393.0,3255.0,70505.0,26252.0,170.0,44.99,95284.0,22.0
2016-10-31,10770.0,557.0,0.0,32773.0,272892.0,3893.0,2412.0,300671.0,22648.0,65072.0,49239.0,32662.0,130973.0,59.0,154521.0,29209.0,19076.0,3646.0,72950.0,26604.0,322.0,49.78,102131.0,22.0
2016-11-30,10594.0,593.0,0.0,32773.0,267074.0,,2389.0,308776.0,24957.0,61279.0,53205.0,26261.0,143016.0,58.0,162779.0,29081.0,17969.0,3789.0,73624.0,34689.0,344.0,45.9,99339.0,23.0
2016-12-31,10646.0,658.0,0.0,32773.0,273271.0,,2349.0,303563.0,19477.0,66063.0,50708.0,21875.0,145440.0,0.0,172787.0,34053.0,26060.0,4053.0,74586.0,30445.0,295.0,52.21,104539.0,23.0
2017-01-31,10954.0,712.0,0.0,32773.0,275098.0,,2337.0,333098.0,24110.0,73486.0,50514.0,28517.0,156177.0,0.0,174982.0,38117.0,22812.0,3065.0,77389.0,29937.0,376.0,52.77,102820.0,21.0
2017-02-28,10986.0,754.0,0.0,32773.0,254629.0,,2344.0,280931.0,16098.0,64964.0,45898.0,20982.0,132989.0,0.0,180895.0,52873.0,20887.0,6903.0,67652.0,27885.0,788.0,53.55,90122.0,17.0
2017-03-31,11202.0,824.0,0.0,32773.0,284082.0,,2339.0,315690.0,19626.0,70645.0,52204.0,23623.0,149177.0,0.0,187667.0,46801.0,28619.0,6509.0,72012.0,29086.0,259.0,49.67,103082.0,22.0
2017-04-30,11342.0,870.0,0.0,32773.0,273031.0,,2324.0,309670.0,20242.0,72566.0,51092.0,25672.0,139352.0,681.0,188325.0,47744.0,25372.0,6465.0,70928.0,34600.0,182.0,51.15,92264.0,17.0
2017-05-31,11578.0,908.0,0.0,32773.0,284746.0,,2330.0,332612.0,23829.0,73703.0,49957.0,28403.0,156596.0,0.0,193188.0,40019.0,28587.0,3395.0,77567.0,39662.0,1554.0,48.58,96552.0,23.0
2017-06-30,11522.0,940.0,0.0,32773.0,273298.0,,2318.0,309759.0,27180.0,64198.0,44753.0,32049.0,140384.0,648.0,187560.0,37485.0,26485.0,4124.0,83762.0,31594.0,456.0,45.23,88369.0,21.0
2017-07-31,11844.0,958.0,0.0,39160.0,286633.0,,2289.0,308583.0,24413.0,66159.0,51219.0,25198.0,140904.0,0.0,195036.0,38109.0,26525.0,4847.0,89908.0,31423.0,1512.0,46.62,95249.0,24.0
2017-08-31,12072.0,940.0,0.0,39160.0,286742.0,,2215.0,313485.0,33585.0,55072.0,48095.0,31566.0,144767.0,0.0,175630.0,40560.0,19782.0,2013.0,75398.0,31999.0,697.0,48.22,90215.0,17.0
2017-09-30,12206.0,940.0,0.0,39160.0,285479.0,,2012.0,292574.0,22414.0,55437.0,45615.0,35369.0,132822.0,0.0,188665.0,52810.0,24184.0,2667.0,74316.0,31912.0,179.0,49.57,85937.0,22.0
2017-10-31,12386.0,909.0,0.0,39160.0,299704.0,,2182.0,301969.0,31631.0,58714.0,39990.0,25252.0,145013.0,0.0,219679.0,66169.0,36417.0,4161.0,76919.0,31424.0,1851.0,51.57,78298.0,20.0
2017-11-30,12158.0,923.0,0.0,39160.0,302542.0,,2128.0,296286.0,26025.0,56770.0,42981.0,22003.0,148392.0,0.0,214320.0,52107.0,28468.0,2403.0,94210.0,33480.0,296.0,56.74,79292.0,22.0
2017-12-31,12336.0,929.0,0.0,39160.0,309464.0,,2130.0,307983.0,25569.0,55034.0,41564.0,23685.0,161098.0,0.0,221209.0,53260.0,34819.0,4219.0,89399.0,33785.0,929.0,58.1,76016.0,18.0
2018-01-31,12812.0,947.0,0.0,39160.0,310009.0,,2193.0,318682.0,25945.0,59205.0,48137.0,25316.0,159677.0,0.0,200291.0,49200.0,28467.0,5366.0,81131.0,31200.0,857.0,63.61,76246.0,17.0
2018-02-28,12924.0,978.0,0.0,39160.0,287337.0,,2154.0,268398.0,18262.0,50222.0,39071.0,20695.0,139513.0,0.0,193396.0,47148.0,29061.0,3148.0,82469.0,28424.0,156.0,62.25,72839.0,17.0
2018-03-31,12608.0,993.0,0.0,39160.0,324443.0,,2118.0,304489.0,17051.0,63547.0,39894.0,27305.0,156121.0,0.0,227445.0,61438.0,31751.0,5698.0,88333.0,34448.0,957.0,62.94,81870.0,12.0
2018-04-30,12620.0,1021.0,0.0,39160.0,314976.0,,2149.0,311249.0,26086.0,68616.0,41165.0,26913.0,148002.0,0.0,233910.0,56930.0,39232.0,6538.0,90786.0,35184.0,759.0,66.32,73817.0,18.0
2018-05-31,12610.0,1059.0,0.0,39160.0,323463.0,,2116.0,317026.0,15679.0,63153.0,42204.0,36450.0,158806.0,0.0,239226.0,61835.0,40241.0,3300.0,90666.0,37378.0,1237.0,69.89,76450.0,19.0
2018-06-30,12712.0,1047.0,0.0,39160.0,319195.0,,2097.0,321781.0,24929.0,58519.0,40363.0,32361.0,164595.0,0.0,234711.0,73974.0,37694.0,7229.0,78609.0,32802.0,1371.0,67.28,77240.0,19.0
2018-07-31,12946.0,1048.0,0.0,43824.0,337791.0,,2095.0,315987.0,21745.0,60962.0,44840.0,35017.0,151942.0,529.0,246838.0,73621.0,35007.0,4431.0,95125.0,33190.0,751.0,70.92,89808.0,16.0
2018-08-31,12890.0,1048.0,0.0,43824.0,353129.0,,2062.0,323450.0,18664.0,62790.0,42878.0,36050.0,160820.0,0.0,222082.0,61348.0,35938.0,5435.0,81958.0,33498.0,431.0,67.8,95580.0,18.0
2018-09-30,13126.0,1054.0,0.0,43824.0,343278.0,,2070.0,296667.0,15509.0,61644.0,38011.0,34409.0,146385.0,0.0,222447.0,61597.0,37628.0,4527.0,82942.0,30789.0,455.0,70.09,86441.0,20.0
2018-10-31,13598.0,1068.0,0.0,43824.0,356746.0,,1997.0,293506.0,17330.0,58906.0,38161.0,25783.0,152965.0,0.0,248346.0,64524.0,44275.0,3717.0,92122.0,41000.0,974.0,70.72,84347.0,19.0
2018-11-30,14072.0,1076.0,0.0,43824.0,356560.0,,1924.0,278169.0,12817.0,54872.0,35520.0,23863.0,150791.0,0.0,248427.0,67929.0,42682.0,5100.0,87913.0,41453.0,342.0,56.85,88120.0,23.0
2018-12-31,14734.0,1083.0,0.0,43824.0,370252.0,,1922.0,279638.0,17051.0,44527.0,39030.0,24260.0,154422.0,0.0,257331.0,77473.0,42346.0,4507.0,88374.0,41252.0,434.0,48.82,89946.0,24.0
2019-01-31,15408.0,1059.0,0.0,43824.0,368016.0,,1855.0,302810.0,14675.0,49590.0,47994.0,26777.0,163481.0,0.0,247450.0,60699.0,55142.0,3297.0,87224.0,37761.0,333.0,51.48,91606.0,20.0
2019-02-28,15844.0,1047.0,0.0,43824.0,326243.0,,1939.0,242799.0,6300.0,47370.0,28443.0,17771.0,142776.0,0.0,230138.0,68629.0,40889.0,4286.0,87028.0,25700.0,649.0,55.07,78046.0,19.0
2019-03-31,15992.0,1006.0,0.0,43824.0,369238.0,,1931.0,276051.0,13349.0,44610.0,25171.0,29054.0,162119.0,202.0,246312.0,77435.0,34328.0,4466.0,91040.0,35575.0,790.0,58.09,93532.0,23.0
2019-04-30,16220.0,991.0,0.0,43824.0,364337.0,,1912.0,285744.0,15036.0,45778.0,27964.0,42127.0,154016.0,0.0,251467.0,68641.0,41947.0,5552.0,98263.0,32225.0,1531.0,63.79,88575.0,21.0
2019-05-31,16342.0,984.0,0.0,43824.0,376745.0,,1896.0,306681.0,20609.0,42960.0,30870.0,52304.0,158951.0,196.0,255378.0,77112.0,46899.0,6755.0,86280.0,35290.0,1129.0,60.89,89453.0,23.0
2019-06-30,16426.0,967.0,0.0,43824.0,366482.0,,1903.0,278902.0,25226.0,41035.0,23564.0,37424.0,151359.0,0.0,257287.0,79285.0,49950.0,6312.0,79753.0,36878.0,2558.0,54.86,83554.0,26.0
2019-07-31,16530.0,946.0,0.0,44191.0,368787.0,,1902.0,297624.0,14740.0,42887.0,31085.0,38517.0,168553.0,0.0,250606.0,73368.0,42991.0,6361.0,86538.0,35929.0,3126.0,57.5,68554.0,25.0
2019-08-31,16426.0,904.0,0.0,44191.0,386854.0,,1928.0,290985.0,21629.0,38141.0,30467.0,38735.0,160708.0,0.0,261567.0,73439.0,51001.0,6566.0,87905.0,35824.0,2503.0,54.84,92674.0,28.0
2019-09-30,16630.0,860.0,0.0,44191.0,377521.0,,1956.0,261353.0,16781.0,42293.0,21034.0,32987.0,147641.0,0.0,260155.0,83715.0,45337.0,5310.0,83160.0,37081.0,3124.0,56.68,85622.0,24.0
2019-10-31,16704.0,830.0,0.0,44191.0,396941.0,,1903.0,266575.0,12128.0,33931.0,27905.0,35021.0,156958.0,0.0,280220.0,79086.0,54646.0,3936.0,100462.0,33117.0,7075.0,54.13,88263.0,21.0
2019-11-30,16764.0,802.0,0.0,44191.0,389989.0,,1941.0,243096.0,13458.0,30630.0,21897.0,35336.0,141536.0,0.0,262238.0,74521.0,49418.0,7072.0,96449.0,31885.0,124.0,57.08,85170.0,22.0
2019-12-31,17056.0,805.0,0.0,44191.0,402391.0,,1958.0,283943.0,10485.0,40879.0,23991.0,36922.0,171078.0,0.0,289253.0,79548.0,66584.0,6182.0,94766.0,35735.0,3368.0,59.84,88988.0,23.0
2020-01-31,17156.0,790.0,0.0,44191.0,398354.0,,2003.0,265968.0,8400.0,35751.0,22691.0,30296.0,167986.0,0.0,286075.0,87203.0,53385.0,5784.0,98001.0,37995.0,402.0,57.98,87776.0,21.0
2020-02-29,16990.0,790.0,0.0,44191.0,372490.0,,2005.0,245967.0,6936.0,30676.0,22136.0,26913.0,159306.0,0.0,278093.0,72414.0,66927.0,5049.0,89551.0,35795.0,5646.0,50.75,82510.0,22.0
2020-03-31,17000.0,728.0,0.0,44191.0,396652.0,,2021.0,259183.0,4798.0,35660.0,23651.0,31826.0,162905.0,0.0,295194.0,86216.0,65001.0,5695.0,94539.0,39955.0,2226.0,30.6,89255.0,18.0
2020-04-30,17302.0,465.0,0.0,44191.0,357317.0,,2004.0,217220.0,3759.0,27358.0,19471.0,23215.0,143164.0,0.0,250593.0,88620.0,44108.0,8275.0,79692.0,25532.0,954.0,18.2,81544.0,17.0
2020-05-31,17628.0,301.0,0.0,44191.0,301133.0,,1919.0,240624.0,7313.0,54712.0,15930.0,19730.0,142916.0,0.0,220463.0,104780.0,38209.0,3748.0,51969.0,16870.0,1485.0,28.68,65458.0,12.0
2020-06-30,17764.0,265.0,0.0,44191.0,313394.0,,1903.0,251029.0,6569.0,53433.0,20828.0,30999.0,138783.0,0.0,228241.0,89158.0,41036.0,4051.0,67489.0,20912.0,1531.0,38.37,63441.0,11.0
2020-07-31,17726.0,251.0,0.0,35835.0,341113.0,,1888.0,243215.0,2691.0,39314.0,21212.0,29659.0,150339.0,0.0,263026.0,84722.0,60714.0,6178.0,73694.0,30629.0,3140.0,40.76,69829.0,12.0
2020-08-31,17444.0,254.0,0.0,35835.0,327939.0,,1938.0,230940.0,7635.0,26353.0,21554.0,29431.0,145829.0,0.0,265055.0,83843.0,62169.0,4214.0,78431.0,31472.0,179.0,42.19,45498.0,13.0
2020-09-30,16964.0,261.0,0.0,35835.0,327785.0,,1939.0,226750.0,7550.0,23116.0,22536.0,30306.0,142242.0,0.0,249437.0,80736.0,52271.0,2720.0,81378.0,26865.0,3265.0,39.63,50353.0,14.0
2020-10-31,16396.0,296.0,0.0,35835.0,324127.0,,1904.0,228644.0,5919.0,26177.0,18420.0,34356.0,142223.0,0.0,260054.0,87923.0,48936.0,5443.0,76944.0,36214.0,1075.0,39.44,40228.0,13.0
2020-11-30,15936.0,320.0,0.0,35835.0,335884.0,,1903.0,228466.0,8085.0,25015.0,18573.0,28899.0,147197.0,0.0,237381.0,75390.0,44996.0,3935.0,82851.0,26018.0,1185.0,41.28,61826.0,12.0
2020-12-31,15538.0,351.0,0.0,35835.0,346317.0,,1929.0,239884.0,9659.0,19708.0,20872.0,26903.0,161943.0,0.0,276640.0,100001.0,49360.0,3497.0,87425.0,33787.0,545.0,47.23,68618.0,17.0
2021-01-31,14962.0,384.0,0.0,35835.0,345258.0,,1918.0,245473.0,10701.0,21673.0,17308.0,30120.0,163311.0,0.0,260993.0,103045.0,39293.0,5350.0,75710.0,30138.0,1875.0,51.81,72898.0,16.0
2021-02-28,14794.0,402.0,0.0,35835.0,277646.0,,1944.0,214149.0,11990.0,20505.0,17679.0,23270.0,139293.0,0.0,204161.0,65839.0,41492.0,4888.0,64023.0,24130.0,1816.0,59.13,65242.0,17.0
2021-03-31,14066.0,417.0,0.0,35835.0,351885.0,,1969.0,258128.0,9807.0,28346.0,13538.0,44370.0,159233.0,0.0,244763.0,89724.0,38560.0,6013.0,80062.0,26248.0,406.0,62.66,75181.0,12.0
2021-04-30,13478.0,440.0,0.0,35835.0,339540.0,,1965.0,248054.0,10940.0,30542.0,19873.0,39398.0,143704.0,0.0,261273.0,87652.0,51765.0,4835.0,80981.0,29575.0,989.0,61.64,70698.0,13.0
2021-05-31,12914.0,457.0,0.0,35835.0,353082.0,,1976.0,265307.0,12049.0,34232.0,20844.0,45559.0,149083.0,0.0,262264.0,85991.0,51227.0,5266.0,87243.0,27577.0,1866.0,65.06,73022.0,14.0
2021-06-30,12564.0,470.0,0.0,35835.0,340978.0,,1984.0,279246.0,13374.0,37122.0,17807.0,46422.0,162551.0,0.0,280936.0,107219.0,52756.0,5258.0,81617.0,31032.0,1067.0,71.41,68393.0,14.0
2021-07-31,12150.0,488.0,0.0,41151.0,353165.0,,1986.0,272845.0,12964.0,37252.0,19516.0,42656.0,157390.0,0.0,261443.0,84716.0,49795.0,5736.0,84208.0,34476.0,322.0,72.82,72847.0,14.0
2021-08-31,11822.0,508.0,0.0,41151.0,349566.0,,1928.0,270136.0,15198.0,36186.0,21184.0,40651.0,155578.0,0.0,274870.0,87005.0,53777.0,6083.0,82910.0,38704.0,1089.0,67.71,62280.0,15.0
2021-09-30,11486.0,521.0,0.0,41151.0,327643.0,,1968.0,268015.0,10688.0,38617.0,24470.0,36761.0,156079.0,0.0,233150.0,73035.0,47121.0,4667.0,71478.0,31471.0,1987.0,71.39,35341.0,10.0
2021-10-31,10894.0,544.0,0.0,41151.0,358477.0,,1980.0,252227.0,12417.0,34961.0,20832.0,34125.0,149783.0,0.0,255018.0,73494.0,57334.0,7412.0,80223.0,33188.0,1225.0,81.14,60776.0,13.0
2021-11-30,10666.0,569.0,0.0,41151.0,353458.0,,2003.0,254241.0,8973.0,33232.0,21166.0,32165.0,158506.0,0.0,275551.0,92442.0,56650.0,5874.0,81966.0,33464.0,611.0,79.12,66508.0,15.0
2021-12-31,10480.0,586.0,0.0,41151.0,362022.0,,2006.0,265157.0,10813.0,37200.0,19723.0,25398.0,170969.0,0.0,301140.0,98784.0,59837.0,5788.0,96113.0,35363.0,1692.0,71.49,68916.0,15.0
2022-01-31,10482.0,610.0,0.0,,355873.0,,2028.0,253480.0,9066.0,39079.0,18186.0,18954.0,168195.0,0.0,269384.0,90630.0,58101.0,6242.0,76520.0,32763.0,2671.0,82.68,65420.0,18.0
2022-02-28,10546.0,650.0,0.0,,315221.0,,,236782.0,10232.0,29475.0,18683.0,28541.0,148706.0,0.0,244573.0,86294.0,53106.0,6646.0,71055.0,23685.0,1104.0,91.73,57832.0,12.0
2022-03-31,10456.0,670.0,0.0,,365987.0,,,261906.0,8266.0,33689.0,21948.0,26654.0,170687.0,0.0,281165.0,88033.0,63214.0,5283.0,77005.0,43546.0,817.0,108.94,65440.0,14.0
2022-04-30,10494.0,698.0,0.0,,353095.0,,,247420.0,9564.0,40282.0,20176.0,22711.0,153339.0,0.0,289948.0,78699.0,75408.0,7518.0,85845.0,37106.0,446.0,101.92,66292.0,14.0
2022-05-31,10462.0,727.0,0.0,,363766.0,,,258792.0,12041.0,42313.0,23694.0,18436.0,161275.0,0.0,290742.0,88584.0,66144.0,7704.0,85796.0,38156.0,1860.0,110.04,62991.0,16.0
2022-06-30,10500.0,753.0,0.0,,354009.0,,,258753.0,12975.0,46041.0,25417.0,19050.0,154324.0,0.0,293946.0,81281.0,69790.0,6066.0,87224.0,41962.0,1643.0,114.14,65130.0,16.0
2022-07-31,10458.0,767.0,0.0,,366863.0,,,271063.0,11510.0,52471.0,26250.0,13786.0,165654.0,700.0,299929.0,86334.0,66013.0,8101.0,85244.0,46162.0,4413.0,100.14,67456.0,17.0
2022-08-31,10344.0,765.0,0.0,,371542.0,,,259389.0,12906.0,41403.0,25410.0,13781.0,165241.0,0.0,302170.0,97178.0,63334.0,6451.0,93203.0,36638.0,1463.0,91.42,69090.0,18.0
2022-09-30,10274.0,765.0,0.0,,369756.0,,,240874.0,9347.0,34852.0,24307.0,12640.0,159274.0,0.0,295628.0,90907.0,67899.0,7469.0,86579.0,35970.0,2614.0,84.06,66095.0,16.0
2022-10-31,10186.0,768.0,0.0,,383704.0,,,252502.0,12667.0,39803.0,25642.0,14012.0,159470.0,0.0,296824.0,107174.0,68801.0,5005.0,78671.0,32693.0,162.0,86.74,67409.0,14.0
2022-11-30,10382.0,784.0,0.0,,371281.0,,,250252.0,13658.0,40378.0,27115.0,15739.0,152194.0,0.0,299355.0,105188.0,64539.0,6367.0,84849.0,34456.0,491.0,84.2,65505.0,17.0
2022-12-31,10672.0,779.0,0.0,,376280.0,,,248807.0,10411.0,41051.0,24363.0,13487.0,158972.0,0.0,311074.0,96416.0,80920.0,5901.0,89277.0,32654.0,919.0,76.66,65907.0,15.0
2023-01-31,10680.0,771.0,0.0,,389622.0,,,260472.0,10724.0,39992.0,23356.0,15077.0,170993.0,0.0,290369.0,91580.0,72151.0,6993.0,86727.0,27523.0,1210.0,78.48,68910.0,13.0
2023-02-28,10942.0,753.0,0.0,,350907.0,,,248981.0,9134.0,44104.0,24199.0,12840.0,158398.0,0.0,272596.0,101991.0,59452.0,5845.0,74312.0,25838.0,1445.0,76.72,60583.0,17.0
2023-03-31,10764.0,755.0,0.0,,395874.0,,,255314.0,11700.0,41320.0,25308.0,9238.0,167240.0,0.0,349386.0,116446.0,89739.0,6854.0,95249.0,32836.0,2486.0,73.3,66064.0,18.0
2023-04-30,10550.0,755.0,0.0,,379500.0,,,254095.0,17441.0,42424.0,25529.0,17176.0,151172.0,0.0,293446.0,109595.0,70144.0,8371.0,74534.0,25655.0,767.0,79.24,59529.0,20.0
2023-05-31,10352.0,711.0,0.0,,393513.0,,,265123.0,15552.0,36067.0,28192.0,14442.0,170529.0,0.0,299222.0,94666.0,85075.0,8465.0,74926.0,30613.0,2314.0,71.6,57325.0,20.0
2023-06-30,10162.0,674.0,0.0,,386834.0,,,265090.0,13216.0,39240.0,27297.0,19416.0,164482.0,831.0,300836.0,97921.0,78058.0,8238.0,81971.0,28782.0,371.0,70.44,58126.0,19.0
2023-07-31,9844.0,664.0,0.0,,400688.0,,,256384.0,11130.0,40331.0,29808.0,15922.0,158471.0,0.0,310890.0,94936.0,90605.0,5875.0,83416.0,29352.0,1622.0,75.67,64202.0,19.0
2023-08-31,9660.0,632.0,0.0,,404274.0,,,278016.0,16749.0,37084.0,36005.0,15844.0,171062.0,0.0,309950.0,106879.0,74367.0,8458.0,84897.0,29289.0,1081.0,81.44,61088.0,16.0
2023-09-30,9350.0,623.0,0.0,,397397.0,,,257243.0,11988.0,38743.0,34113.0,14686.0,156448.0,0.0,301794.0,109809.0,69091.0,8638.0,79750.0,28616.0,1768.0,89.09,63956.0,20.0
2023-10-31,9108.0,625.0,0.0,,409944.0,,,244677.0,11089.0,32166.0,26280.0,13917.0,159921.0,633.0,311650.0,119118.0,76313.0,9448.0,81793.0,21502.0,273.0,85.83,62842.0,24.0
2023-11-30,8926.0,622.0,0.0,,399227.0,,,259972.0,11207.0,28404.0,34530.0,12170.0,173328.0,0.0,306664.0,110317.0,72615.0,7900.0,85374.0,24656.0,2987.0,77.34,59136.0,21.0
2023-12-31,8798.0,622.0,,,,,,,,,,,,,,,,,,,,72.26,,20.0
2024-01-31,8772.0,621.0,,,,,,,,,,,,,,,,,,,,73.91,,19.0
